-- MySQL dump 10.13  Distrib 5.7.23, for Win64 (x86_64)
--
-- Host: localhost    Database: veisearch
-- ------------------------------------------------------
-- Server version	5.7.23-log

/*!40101 SET @OLD_CHARACTER_SET_CLIENT=@@CHARACTER_SET_CLIENT */;
/*!40101 SET @OLD_CHARACTER_SET_RESULTS=@@CHARACTER_SET_RESULTS */;
/*!40101 SET @OLD_COLLATION_CONNECTION=@@COLLATION_CONNECTION */;
/*!40101 SET NAMES utf8 */;
/*!40103 SET @OLD_TIME_ZONE=@@TIME_ZONE */;
/*!40103 SET TIME_ZONE='+00:00' */;
/*!40014 SET @OLD_UNIQUE_CHECKS=@@UNIQUE_CHECKS, UNIQUE_CHECKS=0 */;
/*!40014 SET @OLD_FOREIGN_KEY_CHECKS=@@FOREIGN_KEY_CHECKS, FOREIGN_KEY_CHECKS=0 */;
/*!40101 SET @OLD_SQL_MODE=@@SQL_MODE, SQL_MODE='NO_AUTO_VALUE_ON_ZERO' */;
/*!40111 SET @OLD_SQL_NOTES=@@SQL_NOTES, SQL_NOTES=0 */;

--
-- Table structure for table `auth_group`
--

DROP TABLE IF EXISTS `auth_group`;
/*!40101 SET @saved_cs_client     = @@character_set_client */;
/*!40101 SET character_set_client = utf8 */;
CREATE TABLE `auth_group` (
  `id` int(11) NOT NULL AUTO_INCREMENT,
  `name` varchar(150) NOT NULL,
  PRIMARY KEY (`id`),
  UNIQUE KEY `name` (`name`)
) ENGINE=InnoDB DEFAULT CHARSET=utf8;
/*!40101 SET character_set_client = @saved_cs_client */;

--
-- Dumping data for table `auth_group`
--

LOCK TABLES `auth_group` WRITE;
/*!40000 ALTER TABLE `auth_group` DISABLE KEYS */;
/*!40000 ALTER TABLE `auth_group` ENABLE KEYS */;
UNLOCK TABLES;

--
-- Table structure for table `auth_group_permissions`
--

DROP TABLE IF EXISTS `auth_group_permissions`;
/*!40101 SET @saved_cs_client     = @@character_set_client */;
/*!40101 SET character_set_client = utf8 */;
CREATE TABLE `auth_group_permissions` (
  `id` int(11) NOT NULL AUTO_INCREMENT,
  `group_id` int(11) NOT NULL,
  `permission_id` int(11) NOT NULL,
  PRIMARY KEY (`id`),
  UNIQUE KEY `auth_group_permissions_group_id_permission_id_0cd325b0_uniq` (`group_id`,`permission_id`),
  KEY `auth_group_permissio_permission_id_84c5c92e_fk_auth_perm` (`permission_id`),
  CONSTRAINT `auth_group_permissio_permission_id_84c5c92e_fk_auth_perm` FOREIGN KEY (`permission_id`) REFERENCES `auth_permission` (`id`),
  CONSTRAINT `auth_group_permissions_group_id_b120cbf9_fk_auth_group_id` FOREIGN KEY (`group_id`) REFERENCES `auth_group` (`id`)
) ENGINE=InnoDB DEFAULT CHARSET=utf8;
/*!40101 SET character_set_client = @saved_cs_client */;

--
-- Dumping data for table `auth_group_permissions`
--

LOCK TABLES `auth_group_permissions` WRITE;
/*!40000 ALTER TABLE `auth_group_permissions` DISABLE KEYS */;
/*!40000 ALTER TABLE `auth_group_permissions` ENABLE KEYS */;
UNLOCK TABLES;

--
-- Table structure for table `auth_permission`
--

DROP TABLE IF EXISTS `auth_permission`;
/*!40101 SET @saved_cs_client     = @@character_set_client */;
/*!40101 SET character_set_client = utf8 */;
CREATE TABLE `auth_permission` (
  `id` int(11) NOT NULL AUTO_INCREMENT,
  `name` varchar(255) NOT NULL,
  `content_type_id` int(11) NOT NULL,
  `codename` varchar(100) NOT NULL,
  PRIMARY KEY (`id`),
  UNIQUE KEY `auth_permission_content_type_id_codename_01ab375a_uniq` (`content_type_id`,`codename`),
  CONSTRAINT `auth_permission_content_type_id_2f476e4b_fk_django_co` FOREIGN KEY (`content_type_id`) REFERENCES `django_content_type` (`id`)
) ENGINE=InnoDB AUTO_INCREMENT=89 DEFAULT CHARSET=utf8;
/*!40101 SET character_set_client = @saved_cs_client */;

--
-- Dumping data for table `auth_permission`
--

LOCK TABLES `auth_permission` WRITE;
/*!40000 ALTER TABLE `auth_permission` DISABLE KEYS */;
INSERT INTO `auth_permission` VALUES (1,'Can add log entry',1,'add_logentry'),(2,'Can change log entry',1,'change_logentry'),(3,'Can delete log entry',1,'delete_logentry'),(4,'Can view log entry',1,'view_logentry'),(5,'Can add permission',2,'add_permission'),(6,'Can change permission',2,'change_permission'),(7,'Can delete permission',2,'delete_permission'),(8,'Can view permission',2,'view_permission'),(9,'Can add group',3,'add_group'),(10,'Can change group',3,'change_group'),(11,'Can delete group',3,'delete_group'),(12,'Can view group',3,'view_group'),(13,'Can add user',4,'add_user'),(14,'Can change user',4,'change_user'),(15,'Can delete user',4,'delete_user'),(16,'Can view user',4,'view_user'),(17,'Can add content type',5,'add_contenttype'),(18,'Can change content type',5,'change_contenttype'),(19,'Can delete content type',5,'delete_contenttype'),(20,'Can view content type',5,'view_contenttype'),(21,'Can add session',6,'add_session'),(22,'Can change session',6,'change_session'),(23,'Can delete session',6,'delete_session'),(24,'Can view session',6,'view_session'),(25,'Can add 播报',7,'add_broadcast'),(26,'Can change 播报',7,'change_broadcast'),(27,'Can delete 播报',7,'delete_broadcast'),(28,'Can view 播报',7,'view_broadcast'),(29,'Can add 代理',8,'add_proxy'),(30,'Can change 代理',8,'change_proxy'),(31,'Can delete 代理',8,'delete_proxy'),(32,'Can view 代理',8,'view_proxy'),(33,'Can add 轮播图',9,'add_shuffling'),(34,'Can change 轮播图',9,'change_shuffling'),(35,'Can delete 轮播图',9,'delete_shuffling'),(36,'Can view 轮播图',9,'view_shuffling'),(37,'Can add 爬虫',10,'add_spider'),(38,'Can change 爬虫',10,'change_spider'),(39,'Can delete 爬虫',10,'delete_spider'),(40,'Can view 爬虫',10,'view_spider'),(41,'Can add 爬虫类型',11,'add_spider_type'),(42,'Can change 爬虫类型',11,'change_spider_type'),(43,'Can delete 爬虫类型',11,'delete_spider_type'),(44,'Can view 爬虫类型',11,'view_spider_type'),(45,'Can add 脚本报错',12,'add_spider_error'),(46,'Can change 脚本报错',12,'change_spider_error'),(47,'Can delete 脚本报错',12,'delete_spider_error'),(48,'Can view 脚本报错',12,'view_spider_error'),(49,'Can add 用户搜索记录',13,'add_search'),(50,'Can change 用户搜索记录',13,'change_search'),(51,'Can delete 用户搜索记录',13,'delete_search'),(52,'Can view 用户搜索记录',13,'view_search'),(53,'Can add 评论',14,'add_comments'),(54,'Can change 评论',14,'change_comments'),(55,'Can delete 评论',14,'delete_comments'),(56,'Can view 评论',14,'view_comments'),(57,'Can add crontab',15,'add_crontabschedule'),(58,'Can change crontab',15,'change_crontabschedule'),(59,'Can delete crontab',15,'delete_crontabschedule'),(60,'Can view crontab',15,'view_crontabschedule'),(61,'Can add interval',16,'add_intervalschedule'),(62,'Can change interval',16,'change_intervalschedule'),(63,'Can delete interval',16,'delete_intervalschedule'),(64,'Can view interval',16,'view_intervalschedule'),(65,'Can add periodic task',17,'add_periodictask'),(66,'Can change periodic task',17,'change_periodictask'),(67,'Can delete periodic task',17,'delete_periodictask'),(68,'Can view periodic task',17,'view_periodictask'),(69,'Can add periodic tasks',18,'add_periodictasks'),(70,'Can change periodic tasks',18,'change_periodictasks'),(71,'Can delete periodic tasks',18,'delete_periodictasks'),(72,'Can view periodic tasks',18,'view_periodictasks'),(73,'Can add task state',19,'add_taskmeta'),(74,'Can change task state',19,'change_taskmeta'),(75,'Can delete task state',19,'delete_taskmeta'),(76,'Can view task state',19,'view_taskmeta'),(77,'Can add saved group result',20,'add_tasksetmeta'),(78,'Can change saved group result',20,'change_tasksetmeta'),(79,'Can delete saved group result',20,'delete_tasksetmeta'),(80,'Can view saved group result',20,'view_tasksetmeta'),(81,'Can add task',21,'add_taskstate'),(82,'Can change task',21,'change_taskstate'),(83,'Can delete task',21,'delete_taskstate'),(84,'Can view task',21,'view_taskstate'),(85,'Can add worker',22,'add_workerstate'),(86,'Can change worker',22,'change_workerstate'),(87,'Can delete worker',22,'delete_workerstate'),(88,'Can view worker',22,'view_workerstate');
/*!40000 ALTER TABLE `auth_permission` ENABLE KEYS */;
UNLOCK TABLES;

--
-- Table structure for table `auth_user`
--

DROP TABLE IF EXISTS `auth_user`;
/*!40101 SET @saved_cs_client     = @@character_set_client */;
/*!40101 SET character_set_client = utf8 */;
CREATE TABLE `auth_user` (
  `id` int(11) NOT NULL AUTO_INCREMENT,
  `password` varchar(128) NOT NULL,
  `last_login` datetime(6) DEFAULT NULL,
  `is_superuser` tinyint(1) NOT NULL,
  `username` varchar(150) NOT NULL,
  `first_name` varchar(30) NOT NULL,
  `last_name` varchar(150) NOT NULL,
  `email` varchar(254) NOT NULL,
  `is_staff` tinyint(1) NOT NULL,
  `is_active` tinyint(1) NOT NULL,
  `date_joined` datetime(6) NOT NULL,
  PRIMARY KEY (`id`),
  UNIQUE KEY `username` (`username`)
) ENGINE=InnoDB AUTO_INCREMENT=2 DEFAULT CHARSET=utf8;
/*!40101 SET character_set_client = @saved_cs_client */;

--
-- Dumping data for table `auth_user`
--

LOCK TABLES `auth_user` WRITE;
/*!40000 ALTER TABLE `auth_user` DISABLE KEYS */;
INSERT INTO `auth_user` VALUES (1,'pbkdf2_sha256$150000$nr3hOufOM9TK$iMYWmV9OgcCarImFGgzXyT35tg341ZnS8JbQ9EVzFuk=','2019-07-29 17:26:52.750878',1,'wei','','','125371265@qq.com',1,1,'2019-07-29 17:02:11.360147');
/*!40000 ALTER TABLE `auth_user` ENABLE KEYS */;
UNLOCK TABLES;

--
-- Table structure for table `auth_user_groups`
--

DROP TABLE IF EXISTS `auth_user_groups`;
/*!40101 SET @saved_cs_client     = @@character_set_client */;
/*!40101 SET character_set_client = utf8 */;
CREATE TABLE `auth_user_groups` (
  `id` int(11) NOT NULL AUTO_INCREMENT,
  `user_id` int(11) NOT NULL,
  `group_id` int(11) NOT NULL,
  PRIMARY KEY (`id`),
  UNIQUE KEY `auth_user_groups_user_id_group_id_94350c0c_uniq` (`user_id`,`group_id`),
  KEY `auth_user_groups_group_id_97559544_fk_auth_group_id` (`group_id`),
  CONSTRAINT `auth_user_groups_group_id_97559544_fk_auth_group_id` FOREIGN KEY (`group_id`) REFERENCES `auth_group` (`id`),
  CONSTRAINT `auth_user_groups_user_id_6a12ed8b_fk_auth_user_id` FOREIGN KEY (`user_id`) REFERENCES `auth_user` (`id`)
) ENGINE=InnoDB DEFAULT CHARSET=utf8;
/*!40101 SET character_set_client = @saved_cs_client */;

--
-- Dumping data for table `auth_user_groups`
--

LOCK TABLES `auth_user_groups` WRITE;
/*!40000 ALTER TABLE `auth_user_groups` DISABLE KEYS */;
/*!40000 ALTER TABLE `auth_user_groups` ENABLE KEYS */;
UNLOCK TABLES;

--
-- Table structure for table `auth_user_user_permissions`
--

DROP TABLE IF EXISTS `auth_user_user_permissions`;
/*!40101 SET @saved_cs_client     = @@character_set_client */;
/*!40101 SET character_set_client = utf8 */;
CREATE TABLE `auth_user_user_permissions` (
  `id` int(11) NOT NULL AUTO_INCREMENT,
  `user_id` int(11) NOT NULL,
  `permission_id` int(11) NOT NULL,
  PRIMARY KEY (`id`),
  UNIQUE KEY `auth_user_user_permissions_user_id_permission_id_14a6b632_uniq` (`user_id`,`permission_id`),
  KEY `auth_user_user_permi_permission_id_1fbb5f2c_fk_auth_perm` (`permission_id`),
  CONSTRAINT `auth_user_user_permi_permission_id_1fbb5f2c_fk_auth_perm` FOREIGN KEY (`permission_id`) REFERENCES `auth_permission` (`id`),
  CONSTRAINT `auth_user_user_permissions_user_id_a95ead1b_fk_auth_user_id` FOREIGN KEY (`user_id`) REFERENCES `auth_user` (`id`)
) ENGINE=InnoDB DEFAULT CHARSET=utf8;
/*!40101 SET character_set_client = @saved_cs_client */;

--
-- Dumping data for table `auth_user_user_permissions`
--

LOCK TABLES `auth_user_user_permissions` WRITE;
/*!40000 ALTER TABLE `auth_user_user_permissions` DISABLE KEYS */;
/*!40000 ALTER TABLE `auth_user_user_permissions` ENABLE KEYS */;
UNLOCK TABLES;

--
-- Table structure for table `celery_taskmeta`
--

DROP TABLE IF EXISTS `celery_taskmeta`;
/*!40101 SET @saved_cs_client     = @@character_set_client */;
/*!40101 SET character_set_client = utf8 */;
CREATE TABLE `celery_taskmeta` (
  `id` int(11) NOT NULL AUTO_INCREMENT,
  `task_id` varchar(255) NOT NULL,
  `status` varchar(50) NOT NULL,
  `result` longtext,
  `date_done` datetime(6) NOT NULL,
  `traceback` longtext,
  `hidden` tinyint(1) NOT NULL,
  `meta` longtext,
  PRIMARY KEY (`id`),
  UNIQUE KEY `task_id` (`task_id`),
  KEY `celery_taskmeta_hidden_23fd02dc` (`hidden`)
) ENGINE=InnoDB DEFAULT CHARSET=utf8;
/*!40101 SET character_set_client = @saved_cs_client */;

--
-- Dumping data for table `celery_taskmeta`
--

LOCK TABLES `celery_taskmeta` WRITE;
/*!40000 ALTER TABLE `celery_taskmeta` DISABLE KEYS */;
/*!40000 ALTER TABLE `celery_taskmeta` ENABLE KEYS */;
UNLOCK TABLES;

--
-- Table structure for table `celery_tasksetmeta`
--

DROP TABLE IF EXISTS `celery_tasksetmeta`;
/*!40101 SET @saved_cs_client     = @@character_set_client */;
/*!40101 SET character_set_client = utf8 */;
CREATE TABLE `celery_tasksetmeta` (
  `id` int(11) NOT NULL AUTO_INCREMENT,
  `taskset_id` varchar(255) NOT NULL,
  `result` longtext NOT NULL,
  `date_done` datetime(6) NOT NULL,
  `hidden` tinyint(1) NOT NULL,
  PRIMARY KEY (`id`),
  UNIQUE KEY `taskset_id` (`taskset_id`),
  KEY `celery_tasksetmeta_hidden_593cfc24` (`hidden`)
) ENGINE=InnoDB DEFAULT CHARSET=utf8;
/*!40101 SET character_set_client = @saved_cs_client */;

--
-- Dumping data for table `celery_tasksetmeta`
--

LOCK TABLES `celery_tasksetmeta` WRITE;
/*!40000 ALTER TABLE `celery_tasksetmeta` DISABLE KEYS */;
/*!40000 ALTER TABLE `celery_tasksetmeta` ENABLE KEYS */;
UNLOCK TABLES;

--
-- Table structure for table `django_admin_log`
--

DROP TABLE IF EXISTS `django_admin_log`;
/*!40101 SET @saved_cs_client     = @@character_set_client */;
/*!40101 SET character_set_client = utf8 */;
CREATE TABLE `django_admin_log` (
  `id` int(11) NOT NULL AUTO_INCREMENT,
  `action_time` datetime(6) NOT NULL,
  `object_id` longtext,
  `object_repr` varchar(200) NOT NULL,
  `action_flag` smallint(5) unsigned NOT NULL,
  `change_message` longtext NOT NULL,
  `content_type_id` int(11) DEFAULT NULL,
  `user_id` int(11) NOT NULL,
  PRIMARY KEY (`id`),
  KEY `django_admin_log_content_type_id_c4bce8eb_fk_django_co` (`content_type_id`),
  KEY `django_admin_log_user_id_c564eba6_fk_auth_user_id` (`user_id`),
  CONSTRAINT `django_admin_log_content_type_id_c4bce8eb_fk_django_co` FOREIGN KEY (`content_type_id`) REFERENCES `django_content_type` (`id`),
  CONSTRAINT `django_admin_log_user_id_c564eba6_fk_auth_user_id` FOREIGN KEY (`user_id`) REFERENCES `auth_user` (`id`)
) ENGINE=InnoDB AUTO_INCREMENT=8 DEFAULT CHARSET=utf8;
/*!40101 SET character_set_client = @saved_cs_client */;

--
-- Dumping data for table `django_admin_log`
--

LOCK TABLES `django_admin_log` WRITE;
/*!40000 ALTER TABLE `django_admin_log` DISABLE KEYS */;
INSERT INTO `django_admin_log` VALUES (1,'2019-07-29 17:17:44.478519','1','Broadcast object (1)',2,'[{\"changed\": {\"fields\": [\"cast_content\"]}}]',7,1),(2,'2019-07-29 17:29:13.086905','1','Shuffling object (1)',1,'[{\"added\": {}}]',9,1),(3,'2019-07-29 17:29:33.669082','2','Shuffling object (2)',1,'[{\"added\": {}}]',9,1),(4,'2019-07-29 17:29:42.369580','3','Shuffling object (3)',1,'[{\"added\": {}}]',9,1),(5,'2019-07-29 17:29:51.905125','4','Shuffling object (4)',1,'[{\"added\": {}}]',9,1),(6,'2019-07-29 17:29:58.370495','5','Shuffling object (5)',1,'[{\"added\": {}}]',9,1),(7,'2019-07-29 17:30:14.136397','6','Shuffling object (6)',1,'[{\"added\": {}}]',9,1);
/*!40000 ALTER TABLE `django_admin_log` ENABLE KEYS */;
UNLOCK TABLES;

--
-- Table structure for table `django_content_type`
--

DROP TABLE IF EXISTS `django_content_type`;
/*!40101 SET @saved_cs_client     = @@character_set_client */;
/*!40101 SET character_set_client = utf8 */;
CREATE TABLE `django_content_type` (
  `id` int(11) NOT NULL AUTO_INCREMENT,
  `app_label` varchar(100) NOT NULL,
  `model` varchar(100) NOT NULL,
  PRIMARY KEY (`id`),
  UNIQUE KEY `django_content_type_app_label_model_76bd3d3b_uniq` (`app_label`,`model`)
) ENGINE=InnoDB AUTO_INCREMENT=23 DEFAULT CHARSET=utf8;
/*!40101 SET character_set_client = @saved_cs_client */;

--
-- Dumping data for table `django_content_type`
--

LOCK TABLES `django_content_type` WRITE;
/*!40000 ALTER TABLE `django_content_type` DISABLE KEYS */;
INSERT INTO `django_content_type` VALUES (1,'admin','logentry'),(3,'auth','group'),(2,'auth','permission'),(4,'auth','user'),(5,'contenttypes','contenttype'),(15,'djcelery','crontabschedule'),(16,'djcelery','intervalschedule'),(17,'djcelery','periodictask'),(18,'djcelery','periodictasks'),(19,'djcelery','taskmeta'),(20,'djcelery','tasksetmeta'),(21,'djcelery','taskstate'),(22,'djcelery','workerstate'),(6,'sessions','session'),(7,'vei','broadcast'),(14,'vei','comments'),(8,'vei','proxy'),(13,'vei','search'),(9,'vei','shuffling'),(10,'vei','spider'),(12,'vei','spider_error'),(11,'vei','spider_type');
/*!40000 ALTER TABLE `django_content_type` ENABLE KEYS */;
UNLOCK TABLES;

--
-- Table structure for table `django_migrations`
--

DROP TABLE IF EXISTS `django_migrations`;
/*!40101 SET @saved_cs_client     = @@character_set_client */;
/*!40101 SET character_set_client = utf8 */;
CREATE TABLE `django_migrations` (
  `id` int(11) NOT NULL AUTO_INCREMENT,
  `app` varchar(255) NOT NULL,
  `name` varchar(255) NOT NULL,
  `applied` datetime(6) NOT NULL,
  PRIMARY KEY (`id`)
) ENGINE=InnoDB AUTO_INCREMENT=20 DEFAULT CHARSET=utf8;
/*!40101 SET character_set_client = @saved_cs_client */;

--
-- Dumping data for table `django_migrations`
--

LOCK TABLES `django_migrations` WRITE;
/*!40000 ALTER TABLE `django_migrations` DISABLE KEYS */;
INSERT INTO `django_migrations` VALUES (1,'contenttypes','0001_initial','2019-07-29 17:00:00.374655'),(2,'auth','0001_initial','2019-07-29 17:00:05.838968'),(3,'admin','0001_initial','2019-07-29 17:00:24.302024'),(4,'admin','0002_logentry_remove_auto_add','2019-07-29 17:00:28.209247'),(5,'admin','0003_logentry_add_action_flag_choices','2019-07-29 17:00:28.286252'),(6,'contenttypes','0002_remove_content_type_name','2019-07-29 17:00:31.532438'),(7,'auth','0002_alter_permission_name_max_length','2019-07-29 17:00:33.893573'),(8,'auth','0003_alter_user_email_max_length','2019-07-29 17:00:36.158702'),(9,'auth','0004_alter_user_username_opts','2019-07-29 17:00:36.224706'),(10,'auth','0005_alter_user_last_login_null','2019-07-29 17:00:40.087927'),(11,'auth','0006_require_contenttypes_0002','2019-07-29 17:00:40.152931'),(12,'auth','0007_alter_validators_add_error_messages','2019-07-29 17:00:40.229935'),(13,'auth','0008_alter_user_username_max_length','2019-07-29 17:00:44.064154'),(14,'auth','0009_alter_user_last_name_max_length','2019-07-29 17:00:46.092270'),(15,'auth','0010_alter_group_name_max_length','2019-07-29 17:00:48.979435'),(16,'auth','0011_update_proxy_permissions','2019-07-29 17:00:49.063440'),(17,'djcelery','0001_initial','2019-07-29 17:00:57.536925'),(18,'sessions','0001_initial','2019-07-29 17:01:11.216707'),(19,'vei','0001_initial','2019-07-29 17:01:17.532069');
/*!40000 ALTER TABLE `django_migrations` ENABLE KEYS */;
UNLOCK TABLES;

--
-- Table structure for table `django_session`
--

DROP TABLE IF EXISTS `django_session`;
/*!40101 SET @saved_cs_client     = @@character_set_client */;
/*!40101 SET character_set_client = utf8 */;
CREATE TABLE `django_session` (
  `session_key` varchar(40) NOT NULL,
  `session_data` longtext NOT NULL,
  `expire_date` datetime(6) NOT NULL,
  PRIMARY KEY (`session_key`),
  KEY `django_session_expire_date_a5c62663` (`expire_date`)
) ENGINE=InnoDB DEFAULT CHARSET=utf8;
/*!40101 SET character_set_client = @saved_cs_client */;

--
-- Dumping data for table `django_session`
--

LOCK TABLES `django_session` WRITE;
/*!40000 ALTER TABLE `django_session` DISABLE KEYS */;
INSERT INTO `django_session` VALUES ('2mz3tuujvuy6xftdh1jfps3b5ertddzm','ZTgwMDlmMjY4ZTgwOWQyN2M1OTQ5ZGRmODE2ZWM4Y2FjMWIzM2MxNzqABJWMDwAAAAAAAH2UKIwOaG90c2VhcmNoX2xpc3SUjBZkamFuZ28uZGIubW9kZWxzLnF1ZXJ5lIwIUXVlcnlTZXSUk5QpgZR9lCiMBW1vZGVslIwKdmVpLm1vZGVsc5SMBlNlYXJjaJSTlIwDX2RilE6MBl9oaW50c5R9lIwFcXVlcnmUjBpkamFuZ28uZGIubW9kZWxzLnNxbC5xdWVyeZSMBVF1ZXJ5lJOUKYGUfZQoaAdoCowOYWxpYXNfcmVmY291bnSUfZSMCnZlaV9zZWFyY2iUSwJzjAlhbGlhc19tYXCUjAtjb2xsZWN0aW9uc5SMC09yZGVyZWREaWN0lJOUKVKUaBaMI2RqYW5nby5kYi5tb2RlbHMuc3FsLmRhdGFzdHJ1Y3R1cmVzlIwJQmFzZVRhYmxllJOUKYGUfZQojAp0YWJsZV9uYW1llGgWjAt0YWJsZV9hbGlhc5RoFnVic4wQZXh0ZXJuYWxfYWxpYXNlc5SPlIwJdGFibGVfbWFwlH2UaBZdlGgWYXOMDGRlZmF1bHRfY29sc5SJjBBkZWZhdWx0X29yZGVyaW5nlIiMEXN0YW5kYXJkX29yZGVyaW5nlIiMDHVzZWRfYWxpYXNlc5SPlIwQZmlsdGVyX2lzX3N0aWNreZSJjAhzdWJxdWVyeZSJjAZzZWxlY3SUjBxkamFuZ28uZGIubW9kZWxzLmV4cHJlc3Npb25zlIwDQ29slJOUKYGUfZQojBFfY29uc3RydWN0b3JfYXJnc5RoFowXZGphbmdvLmRiLm1vZGVscy5maWVsZHOUjAtfbG9hZF9maWVsZJSTlIwDdmVplGgJjAJ3ZJSHlFKUhpR9lIaUjAxvdXRwdXRfZmllbGSUaDyMBWFsaWFzlGgWjAZ0YXJnZXSUaDyMEmNvbnRhaW5zX2FnZ3JlZ2F0ZZSJdWKFlIwFd2hlcmWUjBpkamFuZ28uZGIubW9kZWxzLnNxbC53aGVyZZSMCVdoZXJlTm9kZZSTlCmBlH2UKIwIY2hpbGRyZW6UXZSMCWNvbm5lY3RvcpSMA0FORJSMB25lZ2F0ZWSUiWhDiXVijAt3aGVyZV9jbGFzc5RoSIwIZ3JvdXBfYnmUaDOFlIwIb3JkZXJfYnmUjAktd2RfY291bnSUhZSMCGxvd19tYXJrlEsAjAloaWdoX21hcmuUSwqMCGRpc3RpbmN0lImMD2Rpc3RpbmN0X2ZpZWxkc5QpjBFzZWxlY3RfZm9yX3VwZGF0ZZSJjBhzZWxlY3RfZm9yX3VwZGF0ZV9ub3dhaXSUiYwdc2VsZWN0X2Zvcl91cGRhdGVfc2tpcF9sb2NrZWSUiYwUc2VsZWN0X2Zvcl91cGRhdGVfb2aUKYwOc2VsZWN0X3JlbGF0ZWSUiYwJbWF4X2RlcHRolEsFjA12YWx1ZXNfc2VsZWN0lIwCd2SUhZSMDF9hbm5vdGF0aW9uc5RoGilSlIwId2RfY291bnSUjBtkamFuZ28uZGIubW9kZWxzLmFnZ3JlZ2F0ZXOUjAVDb3VudJSTlCmBlH2UKGg1aGGFlH2UhpRoWImMBmZpbHRlcpROjBJzb3VyY2VfZXhwcmVzc2lvbnOUXZRoM2GMBWV4dHJhlH2UjAppc19zdW1tYXJ5lIl1YnOMFmFubm90YXRpb25fc2VsZWN0X21hc2uUj5QoaGWQjBhfYW5ub3RhdGlvbl9zZWxlY3RfY2FjaGWUaBopUpRoZWhpc4wKY29tYmluYXRvcpROjA5jb21iaW5hdG9yX2FsbJSJjBBjb21iaW5lZF9xdWVyaWVzlCmMBl9leHRyYZROjBFleHRyYV9zZWxlY3RfbWFza5SPlIwTX2V4dHJhX3NlbGVjdF9jYWNoZZROjAxleHRyYV90YWJsZXOUKYwOZXh0cmFfb3JkZXJfYnmUKYwQZGVmZXJyZWRfbG9hZGluZ5QokZSIhpSME19maWx0ZXJlZF9yZWxhdGlvbnOUfZSMDWV4cGxhaW5fcXVlcnmUiYwOZXhwbGFpbl9mb3JtYXSUTowPZXhwbGFpbl9vcHRpb25zlH2UdWKMDV9yZXN1bHRfY2FjaGWUXZSMDl9zdGlja3lfZmlsdGVylImMCl9mb3Jfd3JpdGWUiYwZX3ByZWZldGNoX3JlbGF0ZWRfbG9va3Vwc5QpjA5fcHJlZmV0Y2hfZG9uZZSJjBZfa25vd25fcmVsYXRlZF9vYmplY3RzlH2UjA9faXRlcmFibGVfY2xhc3OUaAKMDlZhbHVlc0l0ZXJhYmxllJOUjAdfZmllbGRzlGhhhZSMD19kamFuZ29fdmVyc2lvbpSMBTIuMi4ylHVijAlicm9hZGNhc3SUTowOc2h1ZmZsaW5nX2xpc3SUaAQpgZR9lChoB2gIjAlTaHVmZmxpbmeUk5RoC05oDH2UaA5oESmBlH2UKGgHaJ5oFH2UjA12ZWlfc2h1ZmZsaW5nlEsBc2gXaBopUpRoo2geKYGUfZQoaCFoo2giaKN1YnNoI4+UaCV9lGijXZRoo2FzaCiIaCmIaCqIaCuPlGgtiWguiWgvKWhFaEgpgZR9lChoS12UjBhkamFuZ28uZGIubW9kZWxzLmxvb2t1cHOUjAVFeGFjdJSTlCmBlH2UKIwDbGhzlGgyKYGUfZQoaDVoo2g4aDlonYwHaXNfdXNlZJSHlFKUhpR9lIaUaEBouGhBaKNoQmi4aEOJdWKMA3Joc5SIjBRiaWxhdGVyYWxfdHJhbnNmb3Jtc5RdlGhDiXViYWhNjANBTkSUaE+JaEOJdWJoUGhIaFFOaFMpaFZLAGhXSwZoWIloWSloWoloW4loXIloXSloXoloX0sFaGApaGNOaHROaHZOaHhOaHmJaHopaHtOaHxOaH5OaH8paIApaIEokZSIhpRohH2UaIaJaIdOaIh9lIwNX2xvb2t1cF9qb2luc5RdlGijYYwKYmFzZV90YWJsZZRoo3ViaIpdlGiMiWiNiWiOKWiPiWiQfZRokmgCjA1Nb2RlbEl0ZXJhYmxllJOUaJVOaJeMBTIuMi4ylHVijAtzcGlkZXJfbGlzdJRoBCmBlH2UKGgHaAiMBlNwaWRlcpSTlGgLTmgMfZRoDmgRKYGUfZQoaAdo0GgUfZSMCnZlaV9zcGlkZXKUSwBzaBdoGilSlGjVaB4pgZR9lChoIWjVaCJo1XVic2gjj5RoJX2UaNVdlGjVYXNoKIhoKYhoKohoK4+UaC2JaC6JaC8paEVoSCmBlH2UKGhLXZRoTWi/aE+JaEOJdWJoUGhIaFFOaFOMCS1hZGRfdGltZZSFlGhWSwBoV05oWIloWSloWoloW4loXIloXSloXoloX0sFaGApaGNoGilSlGh0Tmh2Tmh4Tmh5iWh6KWh7Tmh8Tmh+Tmh/KWiAKWiBaMCIhpRohH2UaIaJaIdOaIh9lGjGaNV1YmiKXZRojIlojYlojiloj4lokH2UaJJoymiVTmiXjAUyLjIuMpR1YowJcGFja19saXN0lF2UKH2UKIwJcGFja19uYW1llIwHYWlvaHR0cJSMCHBhY2tfdmVylIwFMy41LjSUdX2UKGjsjARhbXFwlGjujAUxLjQuOZR1fZQoaOyMB2FueWpzb26UaO6MBTAuMy4zlHV9lCho7IwNYXN5bmMtdGltZW91dJRo7owFMy4wLjGUdX2UKGjsjAVhdHRyc5Ro7owGMTkuMS4wlHV9lCho7IwFQmFiZWyUaO6MBTIuNy4wlHV9lCho7IwIYmlsbGlhcmSUaO6MCDMuMy4wLjIzlHV9lCho7IwGY2VsZXJ5lGjujAwzLjEuMjYucG9zdDKUdX2UKGjsjAdjZXJ0aWZplGjujAkyMDE5LjYuMTaUdX2UKGjsjAdjaGFyZGV0lGjujAUzLjAuNJR1fZQoaOyMBkRqYW5nb5Ro7owFMi4yLjKUdX2UKGjsjA1kamFuZ28tY2VsZXJ5lGjujAUzLjIuMpR1fZQoaOyMDGRqYW5nby1yZWRpc5Ro7owGNC4xMC4wlHV9lCho7IwPZGphbmdvLXNpbXBsZXVplGjujAkyLjEuNC42MTmUdX2UKGjsjBNkamFuZ29yZXN0ZnJhbWV3b3JrlGjujAYzLjEwLjGUdX2UKGjsjAZmbG93ZXKUaO6MBTAuOS4zlHV9lCho7IwEaWRuYZRo7owDMi44lHV9lCho7IwIaWRuYS1zc2yUaO6MBTEuMS4wlHV9lCho7IwNaW1wb3J0LXN0cmluZ5Ro7owFMC4xLjCUdX2UKGjsjAVrb21idZRo7owGMy4wLjM3lHV9lCho7IwEbHhtbJRo7owFMy43LjKUdX2UKGjsjAltdWx0aWRpY3SUaO6MBTQuNS4ylHV9lCho7IwLbXlzcWxjbGllbnSUaO6MCzEuNC4yLnBvc3QxlHV9lCho7IwGUGlsbG93lGjujAU2LjAuMJR1fZQoaOyMB1B5TXlTUUyUaO6MBTAuOS4zlHV9lCho7IwEcHl0epRo7owGMjAxOS4xlHV9lCho7IwFcmVkaXOUaO6MBjIuMTAuNpR1fZQoaOyMCHJlcXVlc3RzlGjujAYyLjIyLjCUdX2UKGjsjANzaXiUaO6MBjEuMTIuMJR1fZQoaOyMCHNxbHBhcnNllGjujAUwLjMuMJR1fZQoaOyMB3Rvcm5hZG+UaO6MBTUuMS4xlHV9lCho7IwRdHlwaW5nLWV4dGVuc2lvbnOUaO6MBTMuNy40lHV9lCho7IwHdXJsbGliM5Ro7owGMS4yNS4zlHV9lCho7IwEeWFybJRo7owFMS4zLjCUdWWMC3Byb3h5X2NvdW50lEsAjApwcm94eV9saXN0lF2UjA1jb21tZW50c19saXN0lGgEKYGUfZQoaAdoCIwIQ29tbWVudHOUk5RoC05oDH2UaA5oESmBlH2UKGgHaloBAABoFH2UjAx2ZWlfY29tbWVudHOUSwBzaBdoGilSlGpfAQAAaB4pgZR9lChoIWpfAQAAaCJqXwEAAHVic2gjj5RoJX2Ual8BAABdlGpfAQAAYXNoKIhoKYhoKohoK4+UaC2JaC6JaC8paEVoSCmBlH2UKGhLXZRoTWi/aE+JaEOJdWJoUGhIaFFOaFNo4IWUaFZLAGhXSx5oWIloWSloWoloW4loXIloXSloXoloX0sFaGApaGNoGilSlGh0Tmh2Tmh4Tmh5iWh6KWh7Tmh8Tmh+Tmh/KWiAKWiBaMCIhpRohH2UaIaJaIdOaIh9lGjGal8BAAB1YmiKXZRojIlojYlojiloj4lokH2UaJJoymiVTmiXjAUyLjIuMpR1YnUu','2019-08-12 17:06:38.927451'),('6r1gi2tjwm659qztp7xykx0mxmda2vx6','NGFhNDI5MDU5NTZmY2JjYWJmMjc5YTkxNjg2M2MxNzBlYWRkYWE2NTqABJVWDQAAAAAAAH2UKIwJYnJvYWRjYXN0lE6MDnNodWZmbGluZ19saXN0lIwWZGphbmdvLmRiLm1vZGVscy5xdWVyeZSMCFF1ZXJ5U2V0lJOUKYGUfZQojAVtb2RlbJSMCnZlaS5tb2RlbHOUjAlTaHVmZmxpbmeUk5SMA19kYpROjAZfaGludHOUfZSMBXF1ZXJ5lIwaZGphbmdvLmRiLm1vZGVscy5zcWwucXVlcnmUjAVRdWVyeZSTlCmBlH2UKGgIaAuMDmFsaWFzX3JlZmNvdW50lH2UjA12ZWlfc2h1ZmZsaW5nlEsBc4wJYWxpYXNfbWFwlIwLY29sbGVjdGlvbnOUjAtPcmRlcmVkRGljdJSTlClSlGgXjCNkamFuZ28uZGIubW9kZWxzLnNxbC5kYXRhc3RydWN0dXJlc5SMCUJhc2VUYWJsZZSTlCmBlH2UKIwKdGFibGVfbmFtZZRoF4wLdGFibGVfYWxpYXOUaBd1YnOMEGV4dGVybmFsX2FsaWFzZXOUj5SMCXRhYmxlX21hcJR9lGgXXZRoF2FzjAxkZWZhdWx0X2NvbHOUiIwQZGVmYXVsdF9vcmRlcmluZ5SIjBFzdGFuZGFyZF9vcmRlcmluZ5SIjAx1c2VkX2FsaWFzZXOUj5SMEGZpbHRlcl9pc19zdGlja3mUiYwIc3VicXVlcnmUiYwGc2VsZWN0lCmMBXdoZXJllIwaZGphbmdvLmRiLm1vZGVscy5zcWwud2hlcmWUjAlXaGVyZU5vZGWUk5QpgZR9lCiMCGNoaWxkcmVulF2UjBhkamFuZ28uZGIubW9kZWxzLmxvb2t1cHOUjAVFeGFjdJSTlCmBlH2UKIwDbGhzlIwcZGphbmdvLmRiLm1vZGVscy5leHByZXNzaW9uc5SMA0NvbJSTlCmBlH2UKIwRX2NvbnN0cnVjdG9yX2FyZ3OUaBeMF2RqYW5nby5kYi5tb2RlbHMuZmllbGRzlIwLX2xvYWRfZmllbGSUk5SMA3ZlaZRoCowHaXNfdXNlZJSHlFKUhpR9lIaUjAxvdXRwdXRfZmllbGSUaEuMBWFsaWFzlGgXjAZ0YXJnZXSUaEuMEmNvbnRhaW5zX2FnZ3JlZ2F0ZZSJdWKMA3Joc5SIjBRiaWxhdGVyYWxfdHJhbnNmb3Jtc5RdlGhSiXViYYwJY29ubmVjdG9ylIwDQU5ElIwHbmVnYXRlZJSJaFKJdWKMC3doZXJlX2NsYXNzlGg0jAhncm91cF9ieZROjAhvcmRlcl9ieZQpjAhsb3dfbWFya5RLAIwJaGlnaF9tYXJrlEsGjAhkaXN0aW5jdJSJjA9kaXN0aW5jdF9maWVsZHOUKYwRc2VsZWN0X2Zvcl91cGRhdGWUiYwYc2VsZWN0X2Zvcl91cGRhdGVfbm93YWl0lImMHXNlbGVjdF9mb3JfdXBkYXRlX3NraXBfbG9ja2VklImMFHNlbGVjdF9mb3JfdXBkYXRlX29mlCmMDnNlbGVjdF9yZWxhdGVklImMCW1heF9kZXB0aJRLBYwNdmFsdWVzX3NlbGVjdJQpjAxfYW5ub3RhdGlvbnOUTowWYW5ub3RhdGlvbl9zZWxlY3RfbWFza5ROjBhfYW5ub3RhdGlvbl9zZWxlY3RfY2FjaGWUTowKY29tYmluYXRvcpROjA5jb21iaW5hdG9yX2FsbJSJjBBjb21iaW5lZF9xdWVyaWVzlCmMBl9leHRyYZROjBFleHRyYV9zZWxlY3RfbWFza5ROjBNfZXh0cmFfc2VsZWN0X2NhY2hllE6MDGV4dHJhX3RhYmxlc5QpjA5leHRyYV9vcmRlcl9ieZQpjBBkZWZlcnJlZF9sb2FkaW5nlCiRlIiGlIwTX2ZpbHRlcmVkX3JlbGF0aW9uc5R9lIwNZXhwbGFpbl9xdWVyeZSJjA5leHBsYWluX2Zvcm1hdJROjA9leHBsYWluX29wdGlvbnOUfZSMDV9sb29rdXBfam9pbnOUXZRoF2GMCmJhc2VfdGFibGWUaBd1YowNX3Jlc3VsdF9jYWNoZZRdlIwOX3N0aWNreV9maWx0ZXKUiYwKX2Zvcl93cml0ZZSJjBlfcHJlZmV0Y2hfcmVsYXRlZF9sb29rdXBzlCmMDl9wcmVmZXRjaF9kb25llImMFl9rbm93bl9yZWxhdGVkX29iamVjdHOUfZSMD19pdGVyYWJsZV9jbGFzc5RoA4wNTW9kZWxJdGVyYWJsZZSTlIwHX2ZpZWxkc5ROjA9fZGphbmdvX3ZlcnNpb26UjAUyLjIuMpR1YowLc3BpZGVyX2xpc3SUaAUpgZR9lChoCGgJjAZTcGlkZXKUk5RoDE5oDX2UaA9oEimBlH2UKGgIaJBoFX2UjAp2ZWlfc3BpZGVylEsAc2gYaBspUpRolWgfKYGUfZQoaCJolWgjaJV1YnNoJI+UaCZ9lGiVXZRolWFzaCmIaCqIaCuIaCyPlGguiWgviWgwKWgxaDQpgZR9lChoN12UaFZoV2hYiWhSiXViaFloNGhaTmhbjAktYWRkX3RpbWWUhZRoXEsAaF1OaF6JaF8paGCJaGGJaGKJaGMpaGSJaGVLBWhmKWhnaBspUpRoaE5oaU5oak5oa4lobClobU5obk5ob05ocClocSlocmhziIaUaHV9lGh3iWh4Tmh5fZRofWiVdWJofl2UaICJaIGJaIIpaIOJaIR9lGiGaIhoiU5oiowFMi4yLjKUdWKMCXBhY2tfbGlzdJRdlCh9lCiMCXBhY2tfbmFtZZSMB2Fpb2h0dHCUjAhwYWNrX3ZlcpSMBTMuNS40lHV9lChorIwEYW1xcJRorowFMS40LjmUdX2UKGisjAdhbnlqc29ulGiujAUwLjMuM5R1fZQoaKyMDWFzeW5jLXRpbWVvdXSUaK6MBTMuMC4xlHV9lChorIwFYXR0cnOUaK6MBjE5LjEuMJR1fZQoaKyMBUJhYmVslGiujAUyLjcuMJR1fZQoaKyMCGJpbGxpYXJklGiujAgzLjMuMC4yM5R1fZQoaKyMBmNlbGVyeZRorowMMy4xLjI2LnBvc3QylHV9lChorIwHY2VydGlmaZRorowJMjAxOS42LjE2lHV9lChorIwHY2hhcmRldJRorowFMy4wLjSUdX2UKGisjAZEamFuZ2+UaK6MBTIuMi4ylHV9lChorIwNZGphbmdvLWNlbGVyeZRorowFMy4yLjKUdX2UKGisjAxkamFuZ28tcmVkaXOUaK6MBjQuMTAuMJR1fZQoaKyMD2RqYW5nby1zaW1wbGV1aZRorowJMi4xLjQuNjE5lHV9lChorIwTZGphbmdvcmVzdGZyYW1ld29ya5RorowGMy4xMC4xlHV9lChorIwGZmxvd2VylGiujAUwLjkuM5R1fZQoaKyMBGlkbmGUaK6MAzIuOJR1fZQoaKyMCGlkbmEtc3NslGiujAUxLjEuMJR1fZQoaKyMDWltcG9ydC1zdHJpbmeUaK6MBTAuMS4wlHV9lChorIwFa29tYnWUaK6MBjMuMC4zN5R1fZQoaKyMBGx4bWyUaK6MBTMuNy4ylHV9lChorIwJbXVsdGlkaWN0lGiujAU0LjUuMpR1fZQoaKyMC215c3FsY2xpZW50lGiujAsxLjQuMi5wb3N0MZR1fZQoaKyMBlBpbGxvd5RorowFNi4wLjCUdX2UKGisjAdQeU15U1FMlGiujAUwLjkuM5R1fZQoaKyMBHB5dHqUaK6MBjIwMTkuMZR1fZQoaKyMBXJlZGlzlGiujAYyLjEwLjaUdX2UKGisjAhyZXF1ZXN0c5RorowGMi4yMi4wlHV9lChorIwDc2l4lGiujAYxLjEyLjCUdX2UKGisjAhzcWxwYXJzZZRorowFMC4zLjCUdX2UKGisjAd0b3JuYWRvlGiujAU1LjEuMZR1fZQoaKyMEXR5cGluZy1leHRlbnNpb25zlGiujAUzLjcuNJR1fZQoaKyMB3VybGxpYjOUaK6MBjEuMjUuM5R1fZQoaKyMBHlhcmyUaK6MBTEuMy4wlHVljAtwcm94eV9jb3VudJRLAIwKcHJveHlfbGlzdJRdlIwNY29tbWVudHNfbGlzdJRoBSmBlH2UKGgIaAmMCENvbW1lbnRzlJOUaAxOaA19lGgPaBIpgZR9lChoCGoaAQAAaBV9lIwMdmVpX2NvbW1lbnRzlEsAc2gYaBspUpRqHwEAAGgfKYGUfZQoaCJqHwEAAGgjah8BAAB1YnNoJI+UaCZ9lGofAQAAXZRqHwEAAGFzaCmIaCqIaCuIaCyPlGguiWgviWgwKWgxaDQpgZR9lChoN12UaFZoV2hYiWhSiXViaFloNGhaTmhbaKCFlGhcSwBoXUseaF6JaF8paGCJaGGJaGKJaGMpaGSJaGVLBWhmKWhnaBspUpRoaE5oaU5oak5oa4lobClobU5obk5ob05ocClocSlocmhziIaUaHV9lGh3iWh4Tmh5fZRofWofAQAAdWJofl2UaICJaIGJaIIpaIOJaIR9lGiGaIhoiU5oiowFMi4yLjKUdWJ1Lg==','2019-08-12 17:09:03.726733'),('8tf7yctk2tmpm4ax2ot14saoecb79rar','YWE1OWE4NTZiYTQxMTVjMTAxNzRlNzdmNTY2YTdkYjNjZjkyMTQ3MjqABJXoWwAAAAAAAH2UKIwJYnJvYWRjYXN0lIwVZGphbmdvLmRiLm1vZGVscy5iYXNllIwObW9kZWxfdW5waWNrbGWUk5SMA3ZlaZSMCUJyb2FkY2FzdJSGlIWUUpR9lCiMBl9zdGF0ZZRoAowKTW9kZWxTdGF0ZZSTlCmBlH2UKIwGYWRkaW5nlImMAmRilIwHZGVmYXVsdJR1YowCaWSUSwGMDGNhc3RfY29udGVudJSMe+aIkeS7rOS4jeeUn+S6p+i1hOa6kO+8jOaIkeS7rOS4jeWtmOWCqOi1hOa6kO+8jOaIkeS7rOS4jeaYr+i1hOa6kOeahOaQrOi/kOW3pe+8jOaIkeS7rOWPquaYr+S4uuaQrOi/kOW3peaPkOS+m+S6huS9j+aJgOOAgpSMB2lzX3VzZWSUiIwIYWRkX3RpbWWUjAhkYXRldGltZZSMCGRhdGV0aW1llJOUQwoH4wcdEREAAAAAlIWUUpSMD19kamFuZ29fdmVyc2lvbpSMBTIuMi4ylHVijA5zaHVmZmxpbmdfbGlzdJSMFmRqYW5nby5kYi5tb2RlbHMucXVlcnmUjAhRdWVyeVNldJSTlCmBlH2UKIwFbW9kZWyUjAp2ZWkubW9kZWxzlIwJU2h1ZmZsaW5nlJOUjANfZGKUTowGX2hpbnRzlH2UjAVxdWVyeZSMGmRqYW5nby5kYi5tb2RlbHMuc3FsLnF1ZXJ5lIwFUXVlcnmUk5QpgZR9lChoJmgpjA5hbGlhc19yZWZjb3VudJR9lIwNdmVpX3NodWZmbGluZ5RLAXOMCWFsaWFzX21hcJSMC2NvbGxlY3Rpb25zlIwLT3JkZXJlZERpY3SUk5QpUpRoNYwjZGphbmdvLmRiLm1vZGVscy5zcWwuZGF0YXN0cnVjdHVyZXOUjAlCYXNlVGFibGWUk5QpgZR9lCiMCnRhYmxlX25hbWWUaDWMC3RhYmxlX2FsaWFzlGg1dWJzjBBleHRlcm5hbF9hbGlhc2VzlI+UjAl0YWJsZV9tYXCUfZRoNV2UaDVhc4wMZGVmYXVsdF9jb2xzlIiMEGRlZmF1bHRfb3JkZXJpbmeUiIwRc3RhbmRhcmRfb3JkZXJpbmeUiIwMdXNlZF9hbGlhc2VzlI+UjBBmaWx0ZXJfaXNfc3RpY2t5lImMCHN1YnF1ZXJ5lImMBnNlbGVjdJQpjAV3aGVyZZSMGmRqYW5nby5kYi5tb2RlbHMuc3FsLndoZXJllIwJV2hlcmVOb2RllJOUKYGUfZQojAhjaGlsZHJlbpRdlIwYZGphbmdvLmRiLm1vZGVscy5sb29rdXBzlIwFRXhhY3SUk5QpgZR9lCiMA2xoc5SMHGRqYW5nby5kYi5tb2RlbHMuZXhwcmVzc2lvbnOUjANDb2yUk5QpgZR9lCiMEV9jb25zdHJ1Y3Rvcl9hcmdzlGg1jBdkamFuZ28uZGIubW9kZWxzLmZpZWxkc5SMC19sb2FkX2ZpZWxklJOUaAVoKIwHaXNfdXNlZJSHlFKUhpR9lIaUjAxvdXRwdXRfZmllbGSUaGiMBWFsaWFzlGg1jAZ0YXJnZXSUaGiMEmNvbnRhaW5zX2FnZ3JlZ2F0ZZSJdWKMA3Joc5SIjBRiaWxhdGVyYWxfdHJhbnNmb3Jtc5RdlGhviXViYYwJY29ubmVjdG9ylIwDQU5ElIwHbmVnYXRlZJSJaG+JdWKMC3doZXJlX2NsYXNzlGhSjAhncm91cF9ieZROjAhvcmRlcl9ieZQpjAhsb3dfbWFya5RLAIwJaGlnaF9tYXJrlEsGjAhkaXN0aW5jdJSJjA9kaXN0aW5jdF9maWVsZHOUKYwRc2VsZWN0X2Zvcl91cGRhdGWUiYwYc2VsZWN0X2Zvcl91cGRhdGVfbm93YWl0lImMHXNlbGVjdF9mb3JfdXBkYXRlX3NraXBfbG9ja2VklImMFHNlbGVjdF9mb3JfdXBkYXRlX29mlCmMDnNlbGVjdF9yZWxhdGVklImMCW1heF9kZXB0aJRLBYwNdmFsdWVzX3NlbGVjdJQpjAxfYW5ub3RhdGlvbnOUTowWYW5ub3RhdGlvbl9zZWxlY3RfbWFza5ROjBhfYW5ub3RhdGlvbl9zZWxlY3RfY2FjaGWUTowKY29tYmluYXRvcpROjA5jb21iaW5hdG9yX2FsbJSJjBBjb21iaW5lZF9xdWVyaWVzlCmMBl9leHRyYZROjBFleHRyYV9zZWxlY3RfbWFza5ROjBNfZXh0cmFfc2VsZWN0X2NhY2hllE6MDGV4dHJhX3RhYmxlc5QpjA5leHRyYV9vcmRlcl9ieZQpjBBkZWZlcnJlZF9sb2FkaW5nlCiRlIiGlIwTX2ZpbHRlcmVkX3JlbGF0aW9uc5R9lIwNZXhwbGFpbl9xdWVyeZSJjA5leHBsYWluX2Zvcm1hdJROjA9leHBsYWluX29wdGlvbnOUfZSMDV9sb29rdXBfam9pbnOUXZRoNWGMCmJhc2VfdGFibGWUaDV1YowNX3Jlc3VsdF9jYWNoZZRdlChoBGgFaCiGlIWUUpR9lChoC2gNKYGUfZQoaBCJaBFoEnViaBNLAYwDaW1nlIwdZGphbmdvLmRiLm1vZGVscy5maWVsZHMuZmlsZXOUjA5JbWFnZUZpZWxkRmlsZZSTlCmBlH2UKIwEbmFtZZSMFHNodWZmbGluZ19pbWdzLzEuZ2lmlIwGY2xvc2VklImMCl9jb21taXR0ZWSUiIwFX2ZpbGWUTnViaBaIaBdoGkMKB+MHHREdAAAAAJSFlFKUaB6MBTIuMi4ylHViaARoBWgohpSFlFKUfZQoaAtoDSmBlH2UKGgQiWgRaBJ1YmgTSwJoo2imKYGUfZQoaKmMFHNodWZmbGluZ19pbWdzLzUuZ2lmlGiriWisiGitTnViaBaIaBdoGkMKB+MHHREdAAAAAJSFlFKUaB6MBTIuMi4ylHViaARoBWgohpSFlFKUfZQoaAtoDSmBlH2UKGgQiWgRaBJ1YmgTSwNoo2imKYGUfZQoaKmMFHNodWZmbGluZ19pbWdzLzkuZ2lmlGiriWisiGitTnViaBaIaBdoGkMKB+MHHREdAAAAAJSFlFKUaB6MBTIuMi4ylHViaARoBWgohpSFlFKUfZQoaAtoDSmBlH2UKGgQiWgRaBJ1YmgTSwRoo2imKYGUfZQoaKmMKXNodWZmbGluZ19pbWdzL1FR5Zu+54mHMjAxOTA1MjUxNjQxMTAuanBnlGiriWisiGitTnViaBaIaBdoGkMKB+MHHREdAAAAAJSFlFKUaB6MBTIuMi4ylHViaARoBWgohpSFlFKUfZQoaAtoDSmBlH2UKGgQiWgRaBJ1YmgTSwVoo2imKYGUfZQoaKmMKXNodWZmbGluZ19pbWdzL1FR5Zu+54mHMjAxOTA1MjUyMDMyMjcuanBnlGiriWisiGitTnViaBaIaBdoGkMKB+MHHREdAAAAAJSFlFKUaB6MBTIuMi4ylHViaARoBWgohpSFlFKUfZQoaAtoDSmBlH2UKGgQiWgRaBJ1YmgTSwZoo2imKYGUfZQoaKmMHHNodWZmbGluZ19pbWdzLzlfQ3B6M3BtMy5naWaUaKuJaKyIaK1OdWJoFohoF2gaQwoH4wcdER0AAAAAlIWUUpRoHowFMi4yLjKUdWJljA5fc3RpY2t5X2ZpbHRlcpSJjApfZm9yX3dyaXRllImMGV9wcmVmZXRjaF9yZWxhdGVkX2xvb2t1cHOUKYwOX3ByZWZldGNoX2RvbmWUiYwWX2tub3duX3JlbGF0ZWRfb2JqZWN0c5R9lIwPX2l0ZXJhYmxlX2NsYXNzlGghjA1Nb2RlbEl0ZXJhYmxllJOUjAdfZmllbGRzlE6MD19kamFuZ29fdmVyc2lvbpSMBTIuMi4ylHVijAtzcGlkZXJfbGlzdJRoIymBlH2UKGgmaCeMBlNwaWRlcpSTlGgqTmgrfZRoLWgwKYGUfZQoaCZqAwEAAGgzfZSMCnZlaV9zcGlkZXKUSwBzaDZoOSlSlGoIAQAAaD0pgZR9lChoQGoIAQAAaEFqCAEAAHVic2hCj5RoRH2UaggBAABdlGoIAQAAYXNoR4hoSIhoSYhoSo+UaEyJaE2JaE4paE9oUimBlH2UKGhVXZRoc2h0aHWJaG+JdWJodmhSaHdOaHiMCS1hZGRfdGltZZSFlGh5SwBoek5oe4lofClofYlofolof4logClogYlogksFaIMpaIRoOSlSlGiFTmiGTmiHTmiIiWiJKWiKTmiLTmiMTmiNKWiOKWiPaJCIhpRokn2UaJSJaJVOaJZ9lGiaaggBAAB1YmibXZQoaARoBWoCAQAAhpSFlFKUfZQojAZfc3RhdGWUaA0pgZR9lChoEIloEWgSjAxmaWVsZHNfY2FjaGWUfZSMC3NwaWRlcl90eXBllGgEaAWMC1NwaWRlcl90eXBllIaUhZRSlH2UKGgLaA0pgZR9lChoEIloEWgSdWJoE0sDjARuYW1llIwG6Z+z5LmQlIwLZGF0YV9mb3JtYXSUjP8KICAgICAgICBbCgl7CgkJIm11c2ljX25hbWUiOiLog6HokJ3ljZzpobsiLCAgICAgICAgI+mfs+S5kOWQjQoJCSJtdXNpY19zaXplIjoiMTJNIiwgICAgICMg5paH5Lu25aSn5bCPCgkJIm11c2ljX3NpbmdlciI6IuiuuOW1qSIsICAgICPmrYzmiYsKCQkibXVzaWNfZG93bmxvYWRfYWRkcmVzcyI6Ind3dy5tdXNpYzI1MzYuY24vODEyMzg5MjMwMiIgICAgICAjIOS4i+i9veWcsOWdgAoJCSJzb3VyY2UiOiJxcemfs+S5kCIKCX0sCl0KICAgICAgICCUaBdoGkMKB+MHHRERAgRGKZSFlFKUaB6MBTIuMi4ylHVic3VijAJpZJRLCGipjBBTcGlkZXJfbXVzaWMyLnB5lIwHY29udGVudJSMHXNwaWRlcl9maWxlcy9TcGlkZXJfbXVzaWMyLnB5lIwSZnVuY3Rpb25faW50cm9kdWNllIwM5pKS5aSn5aOw5ZywlIwGYXV0aG9ylIwJ5bCP5byf5byflIwOc3BpZGVyX3R5cGVfaWSUSwOMD3dlYnNpdGVfYWRkcmVzc5SMCnd3dy44MHMubGGUjAx3ZWJzaXRlX25hbWWUjA/nvZHmmJPkupHpn7PkuZCUjAt3ZWJzaXRlX2ltZ5RopimBlH2UKGipjBp3ZWJzaXRlX2ltZ3MvNV9JOFNWbmh4LmdpZpRoq4lorIhorU51YowMYXV0aG9yX2VtYWlslIwQd2Vpc3BhcHBAMTYzLmNvbZSMDWFsbG93ZWRfZW1haWyUiYwIdmlld19udW2USwCMCGxpa2VfbnVtlEsAjAxjb21tZW50c19udW2USwCMDXNwaWRlcl9zdGF0dXOUjARzdG9wlIwJZXJyb3JfbnVtlEsAjAhhZGRfdGltZZRoGkMKB+MHHREkDg1tnpSFlFKUjA9fZGphbmdvX3ZlcnNpb26UjAUyLjIuMpR1YmgEaAVqAgEAAIaUhZRSlH2UKGoeAQAAaA0pgZR9lChoEIloEWgSaiEBAAB9lGojAQAAaARoBWokAQAAhpSFlFKUfZQoaAtoDSmBlH2UKGgQiWgRaBJ1YmgTSwNqKwEAAIwG6Z+z5LmQlGotAQAAjP8KICAgICAgICBbCgl7CgkJIm11c2ljX25hbWUiOiLog6HokJ3ljZzpobsiLCAgICAgICAgI+mfs+S5kOWQjQoJCSJtdXNpY19zaXplIjoiMTJNIiwgICAgICMg5paH5Lu25aSn5bCPCgkJIm11c2ljX3NpbmdlciI6IuiuuOW1qSIsICAgICPmrYzmiYsKCQkibXVzaWNfZG93bmxvYWRfYWRkcmVzcyI6Ind3dy5tdXNpYzI1MzYuY24vODEyMzg5MjMwMiIgICAgICAjIOS4i+i9veWcsOWdgAoJCSJzb3VyY2UiOiJxcemfs+S5kCIKCX0sCl0KICAgICAgICCUaBdoGkMKB+MHHRERAgRGKZSFlFKUaB6MBTIuMi4ylHVic3ViajMBAABLB2ipjBBTcGlkZXJfbXVzaWMxLnB5lGo1AQAAjB1zcGlkZXJfZmlsZXMvU3BpZGVyX211c2ljMS5weZRqNwEAAIwJ6Zi/6JCo6L6+lGo5AQAAjAnlsI/on5Lom4eUajsBAABLA2o8AQAAjA93d3cud2Vpc3BwYS50b3CUaj4BAACMCHFx6Z+z5LmQlGpAAQAAaKYpgZR9lChoqYwnd2Vic2l0ZV9pbWdzL1FR5Zu+54mHMjAxOTA1MjUyMDMyMjcuanBnlGiriWisiGitTnViakQBAACMEjEyMzE3MzI2ODE3QHFxLmNvbZRqRgEAAIlqRwEAAEsAakgBAABLAGpJAQAASwBqSgEAAIwEc3RvcJRqTAEAAEsAak0BAABoGkMKB+MHHREjCgiwCJSFlFKUalEBAACMBTIuMi4ylHViaARoBWoCAQAAhpSFlFKUfZQoah4BAABoDSmBlH2UKGgQiWgRaBJqIQEAAH2UaiMBAABoBGgFaiQBAACGlIWUUpR9lChoC2gNKYGUfZQoaBCJaBFoEnViaBNLAmorAQAAjAznmb7luqbnvZHnm5iUai0BAABYAAEAAAogICAgICAgIFsKCXsKCQkiZmlsZV9uYW1lIjoi5aSN5LuH6ICF6IGU55ufIiwgICAgICMg5paH5Lu25ZCNCgkJImZpbGVfc2l6ZSI6IjEyTSIsICAgICAgIyDmlofku7blpKflsI8KCQkiZmlsZV9hZGRyZXNzIjoiaHR0cHM6Ly9wYW4uYmFpZHUuY29tL21ib3gvaG9tZXBhZ2U/c2hvcnQ9YjIwcktpIiwgICAgICAjIOe9keebmOWcsOWdgAoJCSJzb3VyY2UiOiLnm5jlpJrlpJoiICAgICAgIyDotYTmupDmnaXmupDnvZHnq5kKCX0sCl0KICAgICAgICCUaBdoGkMKB+MHHRERAgRGKZSFlFKUaB6MBTIuMi4ylHVic3ViajMBAABLBmipjA5TcGlkZXJfcGFuMi5weZRqNQEAAIwbc3BpZGVyX2ZpbGVzL1NwaWRlcl9wYW4yLnB5lGo3AQAAjAzpmL/ovr7okKjovr6UajkBAACMBuWFlOWFlJRqOwEAAEsCajwBAACMD3d3dy53ZWlzcHBhLnRvcJRqPgEAAIwM55m+5bqm572R55uYlGpAAQAAaKYpgZR9lChoqYwnd2Vic2l0ZV9pbWdzL1FR5Zu+54mHMjAxOTA1MjUxNjQxMTAuanBnlGiriWisiGitTnViakQBAACMETE2Mzg4NTI5MzBAcXEuY29tlGpGAQAAiWpHAQAASwBqSAEAAEsAakkBAABLAGpKAQAAjARzdG9wlGpMAQAASwBqTQEAAGgaQwoH4wcdESIVCJGNlIWUUpRqUQEAAIwFMi4yLjKUdWJoBGgFagIBAACGlIWUUpR9lChqHgEAAGgNKYGUfZQoaBCJaBFoEmohAQAAfZRqIwEAAGgEaAVqJAEAAIaUhZRSlH2UKGgLaA0pgZR9lChoEIloEWgSdWJoE0sCaisBAACMDOeZvuW6pue9keebmJRqLQEAAFgAAQAACiAgICAgICAgWwoJewoJCSJmaWxlX25hbWUiOiLlpI3ku4fogIXogZTnm58iLCAgICAgIyDmlofku7blkI0KCQkiZmlsZV9zaXplIjoiMTJNIiwgICAgICAjIOaWh+S7tuWkp+WwjwoJCSJmaWxlX2FkZHJlc3MiOiJodHRwczovL3Bhbi5iYWlkdS5jb20vbWJveC9ob21lcGFnZT9zaG9ydD1iMjByS2kiLCAgICAgICMg572R55uY5Zyw5Z2ACgkJInNvdXJjZSI6IuebmOWkmuWkmiIgICAgICAjIOi1hOa6kOadpea6kOe9keermQoJfSwKXQogICAgICAgIJRoF2gaQwoH4wcdERECBEYplIWUUpRoHowFMi4yLjKUdWJzdWJqMwEAAEsFaKmMDlNwaWRlcl9wYW4xLnB5lGo1AQAAjBtzcGlkZXJfZmlsZXMvU3BpZGVyX3BhbjEucHmUajcBAACMDOehleWkp+eahOaSkpRqOQEAAIwG55CD55CDlGo7AQAASwJqPAEAAIwSd2Jvb2tzLndlaXNhcHAudG9wlGo+AQAAjAnnm5jlpJrlpJqUakABAABopimBlH2UKGipjBp3ZWJzaXRlX2ltZ3MvOV85Sk5kb0poLmdpZpRoq4lorIhorU51YmpEAQAAjBIxMjMxNzMyNjgxN0BxcS5jb22UakYBAACJakcBAABLAGpIAQAASwBqSQEAAEsAakoBAACMBHN0b3CUakwBAABLAGpNAQAAaBpDCgfjBx0RIREGntmUhZRSlGpRAQAAjAUyLjIuMpR1YmgEaAVqAgEAAIaUhZRSlH2UKGoeAQAAaA0pgZR9lChoEIloEWgSaiEBAAB9lGojAQAAaARoBWokAQAAhpSFlFKUfZQoaAtoDSmBlH2UKGgQiWgRaBJ1YmgTSwFqKwEAAIwG55S15b2xlGotAQAAWN8BAAAKICAgICAgICBbCgl7CgkJIm1vdmllX25hbWUiOiLmlpfnoLToi43nqbkiLCAgICAjIOeUteW9seWQjQoJCSJtb3ZpZV9zaXplIjoiMS4zRyIsICAgICMg5paH5Lu25aSn5bCPCgkJInRodW5kZXJfbGluayI6InRodW5kZXI6Ly9RVUZ0WVdkdVpYUTZQM2gwUFhWeWJqcGlkR2xvT2preU5UY3lNRFl6TmpJNE5VVkNPREJFTVVGRk1UYzFPRU0wTnpNd1FUSTBNVEl6UVRsRk9FRmFXZz09IiwgICAgICMg6L+F6Zu36ZO+5o6lCgkJIm1vdmllX29ubGluZV92aWV3X2FkZHJlc3MiOiJodHRwczovL2JpbGkubWVpanV6dWlkYS5jb20vc2hhcmUvOGEyN2MyZGRjM2QzZmU3NGFhMDM3ZjRiN2QyNjJlMzQiICAgICMg5Zyo57q/6KeC55yL5Zyw5Z2ACgkJInNvdXJjZSI6Ijgwc+eUteW9see9kSIgICAgICAgIyDotYTmupDmnaXmupDnvZHnq5kKCX0sCgkjIOazqOaEj++8jOWxnuaAp+iOt+WPluS4jeWIsOeahOW/hemhu+Whq251bGzvvJsKXQogICAgICAgIJRoF2gaQwoH4wcdERECBEJBlIWUUpRoHowFMi4yLjKUdWJzdWJqMwEAAEsEaKmMDVNwaWRlcl84MHMucHmUajUBAACMGnNwaWRlcl9maWxlcy9TcGlkZXJfODBzLnB5lGo3AQAAjAnpmL/okKjovr6UajkBAACMBuWwj+e6opRqOwEAAEsBajwBAACMCnd3dy44MHMubGGUaj4BAACMDDgwc+eUteW9see9kZRqQAEAAGimKYGUfZQoaKmMFHdlYnNpdGVfaW1ncy84MHMucG5nlGiriWisiGitTnViakQBAACMEjEyMzE3MzI2ODE3QHFxLmNvbZRqRgEAAIhqRwEAAEsAakgBAABLAGpJAQAASwBqSgEAAIwEc3RvcJRqTAEAAEsAak0BAABoGkMKB+MHHREaFQYevZSFlFKUalEBAACMBTIuMi4ylHViaARoBWoCAQAAhpSFlFKUfZQoah4BAABoDSmBlH2UKGgQiWgRaBJqIQEAAH2UaiMBAABoBGgFaiQBAACGlIWUUpR9lChoC2gNKYGUfZQoaBCJaBFoEnViaBNLAWorAQAAjAbnlLXlvbGUai0BAABY3wEAAAogICAgICAgIFsKCXsKCQkibW92aWVfbmFtZSI6IuaWl+egtOiLjeepuSIsICAgICMg55S15b2x5ZCNCgkJIm1vdmllX3NpemUiOiIxLjNHIiwgICAgIyDmlofku7blpKflsI8KCQkidGh1bmRlcl9saW5rIjoidGh1bmRlcjovL1FVRnRZV2R1WlhRNlAzaDBQWFZ5YmpwaWRHbG9Pamt5TlRjeU1EWXpOakk0TlVWQ09EQkVNVUZGTVRjMU9FTTBOek13UVRJME1USXpRVGxGT0VGYVdnPT0iLCAgICAgIyDov4Xpm7fpk77mjqUKCQkibW92aWVfb25saW5lX3ZpZXdfYWRkcmVzcyI6Imh0dHBzOi8vYmlsaS5tZWlqdXp1aWRhLmNvbS9zaGFyZS84YTI3YzJkZGMzZDNmZTc0YWEwMzdmNGI3ZDI2MmUzNCIgICAgIyDlnKjnur/op4LnnIvlnLDlnYAKCQkic291cmNlIjoiODBz55S15b2x572RIiAgICAgICAjIOi1hOa6kOadpea6kOe9keermQoJfSwKCSMg5rOo5oSP77yM5bGe5oCn6I635Y+W5LiN5Yiw55qE5b+F6aG75aGrbnVsbO+8mwpdCiAgICAgICAglGgXaBpDCgfjBx0REQIEQkGUhZRSlGgejAUyLjIuMpR1YnN1YmozAQAASwNoqYwNU3BpZGVyXzcwcy5weZRqNQEAAIwac3BpZGVyX2ZpbGVzL1NwaWRlcl83MHMucHmUajcBAACMCGFkYXNkYXNklGo5AQAAjAnlsI/on5Lom4eUajsBAABLAWo8AQAAjAp3d3cuNzBzLmxhlGo+AQAAjAk3MHPnlLXlvbGUakABAABopimBlH2UKGipjBJ3ZWJzaXRlX2ltZ3MvOS5naWaUaKuJaKyIaK1OdWJqRAEAAIwSMTIzMTczMjY4MTdAcXEuY29tlGpGAQAAiWpHAQAASwBqSAEAAEsAakkBAABLAGpKAQAAjARzdG9wlGpMAQAASwBqTQEAAGgaQwoH4wcdERkPAXQ8lIWUUpRqUQEAAIwFMi4yLjKUdWJoBGgFagIBAACGlIWUUpR9lChqHgEAAGgNKYGUfZQoaBCJaBFoEmohAQAAfZRqIwEAAGgEaAVqJAEAAIaUhZRSlH2UKGgLaA0pgZR9lChoEIloEWgSdWJoE0sBaisBAACMBueUteW9sZRqLQEAAFjfAQAACiAgICAgICAgWwoJewoJCSJtb3ZpZV9uYW1lIjoi5paX56C06IuN56m5IiwgICAgIyDnlLXlvbHlkI0KCQkibW92aWVfc2l6ZSI6IjEuM0ciLCAgICAjIOaWh+S7tuWkp+WwjwoJCSJ0aHVuZGVyX2xpbmsiOiJ0aHVuZGVyOi8vUVVGdFlXZHVaWFE2UDNoMFBYVnlianBpZEdsb09qa3lOVGN5TURZek5qSTROVVZDT0RCRU1VRkZNVGMxT0VNME56TXdRVEkwTVRJelFUbEZPRUZhV2c9PSIsICAgICAjIOi/hembt+mTvuaOpQoJCSJtb3ZpZV9vbmxpbmVfdmlld19hZGRyZXNzIjoiaHR0cHM6Ly9iaWxpLm1laWp1enVpZGEuY29tL3NoYXJlLzhhMjdjMmRkYzNkM2ZlNzRhYTAzN2Y0YjdkMjYyZTM0IiAgICAjIOWcqOe6v+ingueci+WcsOWdgAoJCSJzb3VyY2UiOiI4MHPnlLXlvbHnvZEiICAgICAgICMg6LWE5rqQ5p2l5rqQ572R56uZCgl9LAoJIyDms6jmhI/vvIzlsZ7mgKfojrflj5bkuI3liLDnmoTlv4XpobvloatudWxs77ybCl0KICAgICAgICCUaBdoGkMKB+MHHRERAgRCQZSFlFKUaB6MBTIuMi4ylHVic3ViajMBAABLAmipjA1TcGlkZXJfNjBzLnB5lGo1AQAAjBpzcGlkZXJfZmlsZXMvU3BpZGVyXzYwcy5weZRqNwEAAIwJYXNkYXNkYXNklGo5AQAAjAblsI/mmI6UajsBAABLAWo8AQAAjAt3d3cuNjBzLmNvbZRqPgEAAIwMNjBz55S15b2x572RlGpAAQAAaKYpgZR9lChoqYwSd2Vic2l0ZV9pbWdzLzUuZ2lmlGiriWisiGitTnViakQBAACMETIzMTczMjY4MTdAcXEuY29tlGpGAQAAiGpHAQAASwBqSAEAAEsAakkBAABLAGpKAQAAjARzdG9wlGpMAQAASwBqTQEAAGgaQwoH4wcdERcjDSWxlIWUUpRqUQEAAIwFMi4yLjKUdWJoBGgFagIBAACGlIWUUpR9lChqHgEAAGgNKYGUfZQoaBCJaBFoEmohAQAAfZRqIwEAAGgEaAVqJAEAAIaUhZRSlH2UKGgLaA0pgZR9lChoEIloEWgSdWJoE0sBaisBAACMBueUteW9sZRqLQEAAFjfAQAACiAgICAgICAgWwoJewoJCSJtb3ZpZV9uYW1lIjoi5paX56C06IuN56m5IiwgICAgIyDnlLXlvbHlkI0KCQkibW92aWVfc2l6ZSI6IjEuM0ciLCAgICAjIOaWh+S7tuWkp+WwjwoJCSJ0aHVuZGVyX2xpbmsiOiJ0aHVuZGVyOi8vUVVGdFlXZHVaWFE2UDNoMFBYVnlianBpZEdsb09qa3lOVGN5TURZek5qSTROVVZDT0RCRU1VRkZNVGMxT0VNME56TXdRVEkwTVRJelFUbEZPRUZhV2c9PSIsICAgICAjIOi/hembt+mTvuaOpQoJCSJtb3ZpZV9vbmxpbmVfdmlld19hZGRyZXNzIjoiaHR0cHM6Ly9iaWxpLm1laWp1enVpZGEuY29tL3NoYXJlLzhhMjdjMmRkYzNkM2ZlNzRhYTAzN2Y0YjdkMjYyZTM0IiAgICAjIOWcqOe6v+ingueci+WcsOWdgAoJCSJzb3VyY2UiOiI4MHPnlLXlvbHnvZEiICAgICAgICMg6LWE5rqQ5p2l5rqQ572R56uZCgl9LAoJIyDms6jmhI/vvIzlsZ7mgKfojrflj5bkuI3liLDnmoTlv4XpobvloatudWxs77ybCl0KICAgICAgICCUaBdoGkMKB+MHHRERAgRCQZSFlFKUaB6MBTIuMi4ylHVic3ViajMBAABLAWipjA1TcGlkZXJfNTBzLnB5lGo1AQAAjBpzcGlkZXJfZmlsZXMvU3BpZGVyXzUwcy5weZRqNwEAAIwS54is5Y+WNTBz55S15b2x572RlGo5AQAAjAnoj5zoj5zpuKGUajsBAABLAWo8AQAAjAt3d3cuNTBzLm9jbZRqPgEAAIwMNTBz55S15b2x572RlGpAAQAAaKYpgZR9lChoqYwSd2Vic2l0ZV9pbWdzLzEuZ2lmlGiriWisiGitTnViakQBAACMDzEyNDIxMjE0QHFxLmNvbZRqRgEAAIhqRwEAAEsAakgBAABLAGpJAQAASwBqSgEAAIwEc3RvcJRqTAEAAEsAak0BAABoGkMKB+MHHREWKAykNZSFlFKUalEBAACMBTIuMi4ylHViZWjziWj0iWj1KWj2iWj3fZRo+Wj7aPxOaP2MBTIuMi4ylHVijAlwYWNrX2xpc3SUXZQofZQojAlwYWNrX25hbWWUjAdhaW9odHRwlIwIcGFja192ZXKUjAUzLjUuNJR1fZQoakYCAACMBGFtcXCUakgCAACMBTEuNC45lHV9lChqRgIAAIwHYW55anNvbpRqSAIAAIwFMC4zLjOUdX2UKGpGAgAAjA1hc3luYy10aW1lb3V0lGpIAgAAjAUzLjAuMZR1fZQoakYCAACMBWF0dHJzlGpIAgAAjAYxOS4xLjCUdX2UKGpGAgAAjAVCYWJlbJRqSAIAAIwFMi43LjCUdX2UKGpGAgAAjAhiaWxsaWFyZJRqSAIAAIwIMy4zLjAuMjOUdX2UKGpGAgAAjAZjZWxlcnmUakgCAACMDDMuMS4yNi5wb3N0MpR1fZQoakYCAACMB2NlcnRpZmmUakgCAACMCTIwMTkuNi4xNpR1fZQoakYCAACMB2NoYXJkZXSUakgCAACMBTMuMC40lHV9lChqRgIAAIwGRGphbmdvlGpIAgAAjAUyLjIuMpR1fZQoakYCAACMDWRqYW5nby1jZWxlcnmUakgCAACMBTMuMi4ylHV9lChqRgIAAIwMZGphbmdvLXJlZGlzlGpIAgAAjAY0LjEwLjCUdX2UKGpGAgAAjA9kamFuZ28tc2ltcGxldWmUakgCAACMCTIuMS40LjYxOZR1fZQoakYCAACME2RqYW5nb3Jlc3RmcmFtZXdvcmuUakgCAACMBjMuMTAuMZR1fZQoakYCAACMBmZsb3dlcpRqSAIAAIwFMC45LjOUdX2UKGpGAgAAjARpZG5hlGpIAgAAjAMyLjiUdX2UKGpGAgAAjAhpZG5hLXNzbJRqSAIAAIwFMS4xLjCUdX2UKGpGAgAAjA1pbXBvcnQtc3RyaW5nlGpIAgAAjAUwLjEuMJR1fZQoakYCAACMBWtvbWJ1lGpIAgAAjAYzLjAuMzeUdX2UKGpGAgAAjARseG1slGpIAgAAjAUzLjcuMpR1fZQoakYCAACMCW11bHRpZGljdJRqSAIAAIwFNC41LjKUdX2UKGpGAgAAjAtteXNxbGNsaWVudJRqSAIAAIwLMS40LjIucG9zdDGUdX2UKGpGAgAAjAZQaWxsb3eUakgCAACMBTYuMC4wlHV9lChqRgIAAIwHUHlNeVNRTJRqSAIAAIwFMC45LjOUdX2UKGpGAgAAjARweXR6lGpIAgAAjAYyMDE5LjGUdX2UKGpGAgAAjAVyZWRpc5RqSAIAAIwGMi4xMC42lHV9lChqRgIAAIwIcmVxdWVzdHOUakgCAACMBjIuMjIuMJR1fZQoakYCAACMA3NpeJRqSAIAAIwGMS4xMi4wlHV9lChqRgIAAIwIc3FscGFyc2WUakgCAACMBTAuMy4wlHV9lChqRgIAAIwHdG9ybmFkb5RqSAIAAIwFNS4xLjGUdX2UKGpGAgAAjBF0eXBpbmctZXh0ZW5zaW9uc5RqSAIAAIwFMy43LjSUdX2UKGpGAgAAjAd1cmxsaWIzlGpIAgAAjAYxLjI1LjOUdX2UKGpGAgAAjAR5YXJslGpIAgAAjAUxLjMuMJR1ZYwLcHJveHlfY291bnSUSwCMCnByb3h5X2xpc3SUaCMpgZR9lChoJmgnjAVQcm94eZSTlGgqTmgrfZRoLWgwKYGUfZQoaCZqsgIAAGgzfZSMCXZlaV9wcm94eZRLAHNoNmg5KVKUarcCAABoPSmBlH2UKGhAarcCAABoQWq3AgAAdWJzaEKPlGhEfZRqtwIAAF2UarcCAABhc2hHiGhIiGhJiGhKj5RoTIloTYloTiloT2hSKYGUfZQoaFVdlGhzaHRodYlob4l1Ymh2aFJod05oeCloeUsAaHpLPGh7iWh8KWh9iWh+iWh/iWiAKWiBiWiCSwVogylohE5ohU5ohk5oh05oiIloiSloik5oi05ojE5ojSlojiloj2iQiIaUaJJ9lGiUiWiVTmiWfZRommq3AgAAdWJom12UaPOJaPSJaPUpaPaJaPd9lGj5aPto/E5o/YwFMi4yLjKUdWKMDWNvbW1lbnRzX2xpc3SUaCMpgZR9lChoJmgnjAhDb21tZW50c5STlGgqTmgrfZRoLWgwKYGUfZQoaCZqzAIAAGgzfZSMDHZlaV9jb21tZW50c5RLAHNoNmg5KVKUatECAABoPSmBlH2UKGhAatECAABoQWrRAgAAdWJzaEKPlGhEfZRq0QIAAF2UatECAABhc2hHiGhIiGhJiGhKj5RoTIloTYloTiloT2hSKYGUfZQoaFVdlGhzaHRodYlob4l1Ymh2aFJod05oeGoTAQAAhZRoeUsAaHpLHmh7iWh8KWh9iWh+iWh/iWiAKWiBiWiCSwVogylohGg5KVKUaIVOaIZOaIdOaIiJaIkpaIpOaItOaIxOaI0paI4paI9okIiGlGiSfZRolIlolU5oln2UaJpq0QIAAHViaJtdlGjziWj0iWj1KWj2iWj3fZRo+Wj7aPxOaP2MBTIuMi4ylHVijBBzcGlkZXJfdHlwZV9saXN0lGgjKYGUfZQoaCZoJ2okAQAAk5RoKk5oK32UaC1oMCmBlH2UKGgmaucCAABoM32UjA92ZWlfc3BpZGVyX3R5cGWUSwBzaDZoOSlSlGrsAgAAaD0pgZR9lChoQGrsAgAAaEFq7AIAAHVic2hCj5RoRH2UauwCAABdlGrsAgAAYXNoR4hoSIhoSYhoSo+UaEyJaE2JaE4paE9oUimBlH2UKGhVXZRoc4wDQU5ElGh1iWhviXViaHZoUmh3Tmh4KWh5SwBoek5oe4lofClofYlofolof4logClogYlogksFaIMpaIROaIVOaIZOaIdOaIiJaIkpaIpOaItOaIxOaI0paI4paI8okZSIhpRokn2UaJSJaJVOaJZ9lGiaauwCAAB1YmibXZQoaARoBWokAQAAhpSFlFKUfZQojAZfc3RhdGWUaA0pgZR9lChoEIloEYwHZGVmYXVsdJR1YowCaWSUSwGMBG5hbWWUjAbnlLXlvbGUjAtkYXRhX2Zvcm1hdJRY3wEAAAogICAgICAgIFsKCXsKCQkibW92aWVfbmFtZSI6IuaWl+egtOiLjeepuSIsICAgICMg55S15b2x5ZCNCgkJIm1vdmllX3NpemUiOiIxLjNHIiwgICAgIyDmlofku7blpKflsI8KCQkidGh1bmRlcl9saW5rIjoidGh1bmRlcjovL1FVRnRZV2R1WlhRNlAzaDBQWFZ5YmpwaWRHbG9Pamt5TlRjeU1EWXpOakk0TlVWQ09EQkVNVUZGTVRjMU9FTTBOek13UVRJME1USXpRVGxGT0VGYVdnPT0iLCAgICAgIyDov4Xpm7fpk77mjqUKCQkibW92aWVfb25saW5lX3ZpZXdfYWRkcmVzcyI6Imh0dHBzOi8vYmlsaS5tZWlqdXp1aWRhLmNvbS9zaGFyZS84YTI3YzJkZGMzZDNmZTc0YWEwMzdmNGI3ZDI2MmUzNCIgICAgIyDlnKjnur/op4LnnIvlnLDlnYAKCQkic291cmNlIjoiODBz55S15b2x572RIiAgICAgICAjIOi1hOa6kOadpea6kOe9keermQoJfSwKCSMg5rOo5oSP77yM5bGe5oCn6I635Y+W5LiN5Yiw55qE5b+F6aG75aGrbnVsbO+8mwpdCiAgICAgICAglIwIYWRkX3RpbWWUaBpDCgfjBx0REQIEQkGUhZRSlIwPX2RqYW5nb192ZXJzaW9ulIwFMi4yLjKUdWJoBGgFaiQBAACGlIWUUpR9lChqAQMAAGgNKYGUfZQoaBCJaBFqBAMAAHViagUDAABLAmoGAwAAjAznmb7luqbnvZHnm5iUaggDAABYAAEAAAogICAgICAgIFsKCXsKCQkiZmlsZV9uYW1lIjoi5aSN5LuH6ICF6IGU55ufIiwgICAgICMg5paH5Lu25ZCNCgkJImZpbGVfc2l6ZSI6IjEyTSIsICAgICAgIyDmlofku7blpKflsI8KCQkiZmlsZV9hZGRyZXNzIjoiaHR0cHM6Ly9wYW4uYmFpZHUuY29tL21ib3gvaG9tZXBhZ2U/c2hvcnQ9YjIwcktpIiwgICAgICAjIOe9keebmOWcsOWdgAoJCSJzb3VyY2UiOiLnm5jlpJrlpJoiICAgICAgIyDotYTmupDmnaXmupDnvZHnq5kKCX0sCl0KICAgICAgICCUagoDAABoGkMKB+MHHRERAgRGKZSFlFKUag4DAACMBTIuMi4ylHViaARoBWokAQAAhpSFlFKUfZQoagEDAABoDSmBlH2UKGgQiWgRagQDAAB1YmoFAwAASwNqBgMAAIwG6Z+z5LmQlGoIAwAAjP8KICAgICAgICBbCgl7CgkJIm11c2ljX25hbWUiOiLog6HokJ3ljZzpobsiLCAgICAgICAgI+mfs+S5kOWQjQoJCSJtdXNpY19zaXplIjoiMTJNIiwgICAgICMg5paH5Lu25aSn5bCPCgkJIm11c2ljX3NpbmdlciI6IuiuuOW1qSIsICAgICPmrYzmiYsKCQkibXVzaWNfZG93bmxvYWRfYWRkcmVzcyI6Ind3dy5tdXNpYzI1MzYuY24vODEyMzg5MjMwMiIgICAgICAjIOS4i+i9veWcsOWdgAoJCSJzb3VyY2UiOiJxcemfs+S5kCIKCX0sCl0KICAgICAgICCUagoDAABoGkMKB+MHHRERAgRGKZSFlFKUag4DAACMBTIuMi4ylHViaARoBWokAQAAhpSFlFKUfZQoagEDAABoDSmBlH2UKGgQiWgRagQDAAB1YmoFAwAASwRqBgMAAIwG56OB5YqblGoIAwAAWH8BAAAKICAgICAgICBbCgl7CgkJIm1hZ25ldF9uYW1lIjoi5Y2D5LiO5Y2D5a+7IiwgICAgICAgICPmlofku7blkI0KCQkibWFnbmV0X3NpemUiOiIx44CCNUciLCAgICAgIyDmlofku7blpKflsI8KCQkibWFnbmV0X2xpbmsiOiJtYWduZXQ6P3h0PXVybjpidGloOjkyNTcyMDYzNjI4NUVCODBEMUFFMTc1OEM0NzMwQTI0MTIzQTlFOEEiLCAgICAjIOejgeWKm+mTvuaOpQoJCSJ0aHVuZGVyX2xpbmsiOiJ0aHVuZGVyOi8vUVVGdFlXZHVaWFE2UDNoMFBYVnlianBpZEdsb09qa3lOVGN5TURZek5qSTROVVZDT0RCRU1VRkZNVGMxT0VNME56TXdRVEkwTVRJelFUbEZPRUZhV2c9PSIgICAgICMg6L+F6Zu36ZO+5o6lCgkJInNvdXJjZSI6ImJ05LiL6L29IgoJCQoJfSwKXQogICAgICAgIJRqCgMAAGgaQwoH4wcdERECBEYplIWUUpRqDgMAAIwFMi4yLjKUdWJlaPOJaPSJaPUpaPaJaPd9lGj5aPto/E5o/YwFMi4yLjKUdWKMDHNwaWRlcl9saXN0MZRoIymBlH2UKGgmagMBAABoKk5oK32UaC1oMCmBlH2UKGgmagMBAABoM32UKIwKdmVpX3NwaWRlcpRLAWrsAgAASwB1aDZoOSlSlChqPQMAAGg9KYGUfZQoaEBqPQMAAGhBaj0DAAB1YmrsAgAAaDuMBEpvaW6Uk5QpgZR9lChoQGrsAgAAjAxwYXJlbnRfYWxpYXOUaj0DAABoQWrsAgAAjAlqb2luX3R5cGWUjApJTk5FUiBKT0lOlIwJam9pbl9jb2xzlIwOc3BpZGVyX3R5cGVfaWSUagUDAACGlIWUjApqb2luX2ZpZWxklGhlaAVqAgEAAIwLc3BpZGVyX3R5cGWUh5RSlIwIbnVsbGFibGWUiYwRZmlsdGVyZWRfcmVsYXRpb26UTnVidWhCj5RoRH2UKGo9AwAAXZRqPQMAAGFq7AIAAF2UauwCAABhdWhHiGhIiGhJiGhKj5Qoaj0DAACQaEyJaE2JaE4paE9oUimBlH2UKGhVXZSMJ2RqYW5nby5kYi5tb2RlbHMuZmllbGRzLnJlbGF0ZWRfbG9va3Vwc5SMDFJlbGF0ZWRFeGFjdJSTlCmBlH2UKGhcaF8pgZR9lChoYmo9AwAAak8DAACGlH2UhpRobGpPAwAAaG1qPQMAAGhuak8DAABob4l1YmhwSwFocV2UaG+JdWJhaHNq9wIAAGh1iWhviXViaHZoUmh3Tmh4KWh5SwBoek5oe4lofClofYlofolof4logClogYlogksFaIMpaIROaIVOaIZOaIdOaIiJaIkpaIpOaItOaIxOaI0paI4paI9q+AIAAIiGlGiSfZRolIlolU5oln2UaJhdlChqPQMAAGrsAgAAZWiaaj0DAAB1YmibXZQoaARoBWoCAQAAhpSFlFKUfZQoah4BAABoDSmBlH2UKGgQiWgRagQDAABqIQEAAH2UjAtzcGlkZXJfdHlwZZRoBGgFaiQBAACGlIWUUpR9lChqAQMAAGgNKYGUfZQoaBCJaBFqBAMAAHViagUDAABLAWoGAwAAjAbnlLXlvbGUaggDAABY3wEAAAogICAgICAgIFsKCXsKCQkibW92aWVfbmFtZSI6IuaWl+egtOiLjeepuSIsICAgICMg55S15b2x5ZCNCgkJIm1vdmllX3NpemUiOiIxLjNHIiwgICAgIyDmlofku7blpKflsI8KCQkidGh1bmRlcl9saW5rIjoidGh1bmRlcjovL1FVRnRZV2R1WlhRNlAzaDBQWFZ5YmpwaWRHbG9Pamt5TlRjeU1EWXpOakk0TlVWQ09EQkVNVUZGTVRjMU9FTTBOek13UVRJME1USXpRVGxGT0VGYVdnPT0iLCAgICAgIyDov4Xpm7fpk77mjqUKCQkibW92aWVfb25saW5lX3ZpZXdfYWRkcmVzcyI6Imh0dHBzOi8vYmlsaS5tZWlqdXp1aWRhLmNvbS9zaGFyZS84YTI3YzJkZGMzZDNmZTc0YWEwMzdmNGI3ZDI2MmUzNCIgICAgIyDlnKjnur/op4LnnIvlnLDlnYAKCQkic291cmNlIjoiODBz55S15b2x572RIiAgICAgICAjIOi1hOa6kOadpea6kOe9keermQoJfSwKCSMg5rOo5oSP77yM5bGe5oCn6I635Y+W5LiN5Yiw55qE5b+F6aG75aGrbnVsbO+8mwpdCiAgICAgICAglGoKAwAAaBpDCgfjBx0REQIEQkGUhZRSlGoOAwAAjAUyLjIuMpR1YnN1YmozAQAASwFoqYwNU3BpZGVyXzUwcy5weZRqNQEAAIwac3BpZGVyX2ZpbGVzL1NwaWRlcl81MHMucHmUajcBAACMEueIrOWPljUwc+eUteW9see9kZRqOQEAAIwJ6I+c6I+c6bihlGo7AQAASwFqPAEAAIwLd3d3LjUwcy5vY22Uaj4BAACMDDUwc+eUteW9see9kZRqQAEAAGimKYGUfZQoaKmMEndlYnNpdGVfaW1ncy8xLmdpZpRoq4lorIhorU51YmpEAQAAjA8xMjQyMTIxNEBxcS5jb22UakYBAACIakcBAABLAGpIAQAASwBqSQEAAEsAakoBAACMBHN0b3CUakwBAABLAGpNAQAAaBpDCgfjBx0RFigMpDWUhZRSlGpRAQAAjAUyLjIuMpR1YmgEaAVqAgEAAIaUhZRSlH2UKGoeAQAAaA0pgZR9lChoEIloEWoEAwAAaiEBAAB9lGpxAwAAaARoBWokAQAAhpSFlFKUfZQoagEDAABoDSmBlH2UKGgQiWgRagQDAAB1YmoFAwAASwFqBgMAAIwG55S15b2xlGoIAwAAWN8BAAAKICAgICAgICBbCgl7CgkJIm1vdmllX25hbWUiOiLmlpfnoLToi43nqbkiLCAgICAjIOeUteW9seWQjQoJCSJtb3ZpZV9zaXplIjoiMS4zRyIsICAgICMg5paH5Lu25aSn5bCPCgkJInRodW5kZXJfbGluayI6InRodW5kZXI6Ly9RVUZ0WVdkdVpYUTZQM2gwUFhWeWJqcGlkR2xvT2preU5UY3lNRFl6TmpJNE5VVkNPREJFTVVGRk1UYzFPRU0wTnpNd1FUSTBNVEl6UVRsRk9FRmFXZz09IiwgICAgICMg6L+F6Zu36ZO+5o6lCgkJIm1vdmllX29ubGluZV92aWV3X2FkZHJlc3MiOiJodHRwczovL2JpbGkubWVpanV6dWlkYS5jb20vc2hhcmUvOGEyN2MyZGRjM2QzZmU3NGFhMDM3ZjRiN2QyNjJlMzQiICAgICMg5Zyo57q/6KeC55yL5Zyw5Z2ACgkJInNvdXJjZSI6Ijgwc+eUteW9see9kSIgICAgICAgIyDotYTmupDmnaXmupDnvZHnq5kKCX0sCgkjIOazqOaEj++8jOWxnuaAp+iOt+WPluS4jeWIsOeahOW/hemhu+Whq251bGzvvJsKXQogICAgICAgIJRqCgMAAGgaQwoH4wcdERECBEJBlIWUUpRqDgMAAIwFMi4yLjKUdWJzdWJqMwEAAEsCaKmMDVNwaWRlcl82MHMucHmUajUBAACMGnNwaWRlcl9maWxlcy9TcGlkZXJfNjBzLnB5lGo3AQAAjAlhc2Rhc2Rhc2SUajkBAACMBuWwj+aYjpRqOwEAAEsBajwBAACMC3d3dy42MHMuY29tlGo+AQAAjAw2MHPnlLXlvbHnvZGUakABAABopimBlH2UKGipjBJ3ZWJzaXRlX2ltZ3MvNS5naWaUaKuJaKyIaK1OdWJqRAEAAIwRMjMxNzMyNjgxN0BxcS5jb22UakYBAACIakcBAABLAGpIAQAASwBqSQEAAEsAakoBAACMBHN0b3CUakwBAABLAGpNAQAAaBpDCgfjBx0RFyMNJbGUhZRSlGpRAQAAjAUyLjIuMpR1YmgEaAVqAgEAAIaUhZRSlH2UKGoeAQAAaA0pgZR9lChoEIloEWoEAwAAaiEBAAB9lGpxAwAAaARoBWokAQAAhpSFlFKUfZQoagEDAABoDSmBlH2UKGgQiWgRagQDAAB1YmoFAwAASwFqBgMAAIwG55S15b2xlGoIAwAAWN8BAAAKICAgICAgICBbCgl7CgkJIm1vdmllX25hbWUiOiLmlpfnoLToi43nqbkiLCAgICAjIOeUteW9seWQjQoJCSJtb3ZpZV9zaXplIjoiMS4zRyIsICAgICMg5paH5Lu25aSn5bCPCgkJInRodW5kZXJfbGluayI6InRodW5kZXI6Ly9RVUZ0WVdkdVpYUTZQM2gwUFhWeWJqcGlkR2xvT2preU5UY3lNRFl6TmpJNE5VVkNPREJFTVVGRk1UYzFPRU0wTnpNd1FUSTBNVEl6UVRsRk9FRmFXZz09IiwgICAgICMg6L+F6Zu36ZO+5o6lCgkJIm1vdmllX29ubGluZV92aWV3X2FkZHJlc3MiOiJodHRwczovL2JpbGkubWVpanV6dWlkYS5jb20vc2hhcmUvOGEyN2MyZGRjM2QzZmU3NGFhMDM3ZjRiN2QyNjJlMzQiICAgICMg5Zyo57q/6KeC55yL5Zyw5Z2ACgkJInNvdXJjZSI6Ijgwc+eUteW9see9kSIgICAgICAgIyDotYTmupDmnaXmupDnvZHnq5kKCX0sCgkjIOazqOaEj++8jOWxnuaAp+iOt+WPluS4jeWIsOeahOW/hemhu+Whq251bGzvvJsKXQogICAgICAgIJRqCgMAAGgaQwoH4wcdERECBEJBlIWUUpRqDgMAAIwFMi4yLjKUdWJzdWJqMwEAAEsDaKmMDVNwaWRlcl83MHMucHmUajUBAACMGnNwaWRlcl9maWxlcy9TcGlkZXJfNzBzLnB5lGo3AQAAjAhhZGFzZGFzZJRqOQEAAIwJ5bCP6J+S6JuHlGo7AQAASwFqPAEAAIwKd3d3Ljcwcy5sYZRqPgEAAIwJNzBz55S15b2xlGpAAQAAaKYpgZR9lChoqYwSd2Vic2l0ZV9pbWdzLzkuZ2lmlGiriWisiGitTnViakQBAACMEjEyMzE3MzI2ODE3QHFxLmNvbZRqRgEAAIlqRwEAAEsAakgBAABLAGpJAQAASwBqSgEAAIwEc3RvcJRqTAEAAEsAak0BAABoGkMKB+MHHREZDwF0PJSFlFKUalEBAACMBTIuMi4ylHViaARoBWoCAQAAhpSFlFKUfZQoah4BAABoDSmBlH2UKGgQiWgRagQDAABqIQEAAH2UanEDAABoBGgFaiQBAACGlIWUUpR9lChqAQMAAGgNKYGUfZQoaBCJaBFqBAMAAHViagUDAABLAWoGAwAAjAbnlLXlvbGUaggDAABY3wEAAAogICAgICAgIFsKCXsKCQkibW92aWVfbmFtZSI6IuaWl+egtOiLjeepuSIsICAgICMg55S15b2x5ZCNCgkJIm1vdmllX3NpemUiOiIxLjNHIiwgICAgIyDmlofku7blpKflsI8KCQkidGh1bmRlcl9saW5rIjoidGh1bmRlcjovL1FVRnRZV2R1WlhRNlAzaDBQWFZ5YmpwaWRHbG9Pamt5TlRjeU1EWXpOakk0TlVWQ09EQkVNVUZGTVRjMU9FTTBOek13UVRJME1USXpRVGxGT0VGYVdnPT0iLCAgICAgIyDov4Xpm7fpk77mjqUKCQkibW92aWVfb25saW5lX3ZpZXdfYWRkcmVzcyI6Imh0dHBzOi8vYmlsaS5tZWlqdXp1aWRhLmNvbS9zaGFyZS84YTI3YzJkZGMzZDNmZTc0YWEwMzdmNGI3ZDI2MmUzNCIgICAgIyDlnKjnur/op4LnnIvlnLDlnYAKCQkic291cmNlIjoiODBz55S15b2x572RIiAgICAgICAjIOi1hOa6kOadpea6kOe9keermQoJfSwKCSMg5rOo5oSP77yM5bGe5oCn6I635Y+W5LiN5Yiw55qE5b+F6aG75aGrbnVsbO+8mwpdCiAgICAgICAglGoKAwAAaBpDCgfjBx0REQIEQkGUhZRSlGoOAwAAjAUyLjIuMpR1YnN1YmozAQAASwRoqYwNU3BpZGVyXzgwcy5weZRqNQEAAIwac3BpZGVyX2ZpbGVzL1NwaWRlcl84MHMucHmUajcBAACMCemYv+iQqOi+vpRqOQEAAIwG5bCP57qilGo7AQAASwFqPAEAAIwKd3d3Ljgwcy5sYZRqPgEAAIwMODBz55S15b2x572RlGpAAQAAaKYpgZR9lChoqYwUd2Vic2l0ZV9pbWdzLzgwcy5wbmeUaKuJaKyIaK1OdWJqRAEAAIwSMTIzMTczMjY4MTdAcXEuY29tlGpGAQAAiGpHAQAASwBqSAEAAEsAakkBAABLAGpKAQAAjARzdG9wlGpMAQAASwBqTQEAAGgaQwoH4wcdERoVBh69lIWUUpRqUQEAAIwFMi4yLjKUdWJlaPOJaPSJaPUpaPaJaPd9lGj5aPto/E5o/YwFMi4yLjKUdWKMDHNwaWRlcl9saXN0MpRoIymBlH2UKGgmagMBAABoKk5oK32UaC1oMCmBlH2UKGgmagMBAABoM32UKIwKdmVpX3NwaWRlcpRLAYwPdmVpX3NwaWRlcl90eXBllEsAdWg2aDkpUpQoavwDAABoPSmBlH2UKGhAavwDAABoQWr8AwAAdWJq/QMAAGpCAwAAKYGUfZQoaEBq/QMAAGpFAwAAavwDAABoQWr9AwAAakYDAACMCklOTkVSIEpPSU6UakgDAACMDnNwaWRlcl90eXBlX2lklIwCaWSUhpSFlGpMAwAAak8DAABqUAMAAIlqUQMAAE51YnVoQo+UaER9lChq/AMAAF2UavwDAABhav0DAABdlGr9AwAAYXVoR4hoSIhoSYhoSo+UKGr8AwAAkGhMiWhNiWhOKWhPaFIpgZR9lChoVV2UalwDAAApgZR9lChoXGhfKYGUfZQoaGJq/AMAAGpPAwAAhpR9lIaUaGxqTwMAAGhtavwDAABobmpPAwAAaG+JdWJocEsCaHFdlGhviXViYWhzjANBTkSUaHWJaG+JdWJodmhSaHdOaHgpaHlLAGh6Tmh7iWh8KWh9iWh+iWh/iWiAKWiBiWiCSwVogylohE5ohU5ohk5oh05oiIloiSloik5oi05ojE5ojSlojilojyiRlIiGlGiSfZRolIlolU5oln2UaJhdlChq/AMAAGr9AwAAZWiaavwDAAB1YmibXZQoaARoBWoCAQAAhpSFlFKUfZQoah4BAABoDSmBlH2UKGgQiWgRjAdkZWZhdWx0lGohAQAAfZSMC3NwaWRlcl90eXBllGgEaAVqJAEAAIaUhZRSlH2UKIwGX3N0YXRllGgNKYGUfZQoaBCJaBFqJQQAAHViagUEAABLAowEbmFtZZSMDOeZvuW6pue9keebmJSMC2RhdGFfZm9ybWF0lFgAAQAACiAgICAgICAgWwoJewoJCSJmaWxlX25hbWUiOiLlpI3ku4fogIXogZTnm58iLCAgICAgIyDmlofku7blkI0KCQkiZmlsZV9zaXplIjoiMTJNIiwgICAgICAjIOaWh+S7tuWkp+WwjwoJCSJmaWxlX2FkZHJlc3MiOiJodHRwczovL3Bhbi5iYWlkdS5jb20vbWJveC9ob21lcGFnZT9zaG9ydD1iMjByS2kiLCAgICAgICMg572R55uY5Zyw5Z2ACgkJInNvdXJjZSI6IuebmOWkmuWkmiIgICAgICAjIOi1hOa6kOadpea6kOe9keermQoJfSwKXQogICAgICAgIJSMCGFkZF90aW1llGgaQwoH4wcdERECBEYplIWUUpSMD19kamFuZ29fdmVyc2lvbpSMBTIuMi4ylHVic3ViajMBAABLBWipjA5TcGlkZXJfcGFuMS5weZRqNQEAAIwbc3BpZGVyX2ZpbGVzL1NwaWRlcl9wYW4xLnB5lGo3AQAAjAznoZXlpKfnmoTmkpKUajkBAACMBueQg+eQg5RqOwEAAEsCajwBAACMEndib29rcy53ZWlzYXBwLnRvcJRqPgEAAIwJ55uY5aSa5aSalGpAAQAAaKYpgZR9lChoqYwad2Vic2l0ZV9pbWdzLzlfOUpOZG9KaC5naWaUaKuJaKyIaK1OdWJqRAEAAIwSMTIzMTczMjY4MTdAcXEuY29tlGpGAQAAiWpHAQAASwBqSAEAAEsAakkBAABLAGpKAQAAjARzdG9wlGpMAQAASwBqTQEAAGgaQwoH4wcdESERBp7ZlIWUUpRqUQEAAIwFMi4yLjKUdWJoBGgFagIBAACGlIWUUpR9lChqHgEAAGgNKYGUfZQoaBCJaBFqJQQAAGohAQAAfZRqJwQAAGgEaAVqJAEAAIaUhZRSlH2UKGosBAAAaA0pgZR9lChoEIloEWolBAAAdWJqBQQAAEsCai8EAACMDOeZvuW6pue9keebmJRqMQQAAFgAAQAACiAgICAgICAgWwoJewoJCSJmaWxlX25hbWUiOiLlpI3ku4fogIXogZTnm58iLCAgICAgIyDmlofku7blkI0KCQkiZmlsZV9zaXplIjoiMTJNIiwgICAgICAjIOaWh+S7tuWkp+WwjwoJCSJmaWxlX2FkZHJlc3MiOiJodHRwczovL3Bhbi5iYWlkdS5jb20vbWJveC9ob21lcGFnZT9zaG9ydD1iMjByS2kiLCAgICAgICMg572R55uY5Zyw5Z2ACgkJInNvdXJjZSI6IuebmOWkmuWkmiIgICAgICAjIOi1hOa6kOadpea6kOe9keermQoJfSwKXQogICAgICAgIJRqMwQAAGgaQwoH4wcdERECBEYplIWUUpRqNwQAAIwFMi4yLjKUdWJzdWJqMwEAAEsGaKmMDlNwaWRlcl9wYW4yLnB5lGo1AQAAjBtzcGlkZXJfZmlsZXMvU3BpZGVyX3BhbjIucHmUajcBAACMDOmYv+i+vuiQqOi+vpRqOQEAAIwG5YWU5YWUlGo7AQAASwJqPAEAAIwPd3d3LndlaXNwcGEudG9wlGo+AQAAjAznmb7luqbnvZHnm5iUakABAABopimBlH2UKGipjCd3ZWJzaXRlX2ltZ3MvUVHlm77niYcyMDE5MDUyNTE2NDExMC5qcGeUaKuJaKyIaK1OdWJqRAEAAIwRMTYzODg1MjkzMEBxcS5jb22UakYBAACJakcBAABLAGpIAQAASwBqSQEAAEsAakoBAACMBHN0b3CUakwBAABLAGpNAQAAaBpDCgfjBx0RIhUIkY2UhZRSlGpRAQAAjAUyLjIuMpR1YmVo84lo9Ilo9Slo9olo932UaPlo+2j8Tmj9jAUyLjIuMpR1YowMc3BpZGVyX2xpc3QzlGgjKYGUfZQoaCZqAwEAAGgqTmgrfZRoLWgwKYGUfZQoaCZqAwEAAGgzfZQojAp2ZWlfc3BpZGVylEsBjA92ZWlfc3BpZGVyX3R5cGWUSwB1aDZoOSlSlChqcwQAAGg9KYGUfZQoaEBqcwQAAGhBanMEAAB1Ymp0BAAAakIDAAApgZR9lChoQGp0BAAAakUDAABqcwQAAGhBanQEAABqRgMAAIwKSU5ORVIgSk9JTpRqSAMAAIwOc3BpZGVyX3R5cGVfaWSUjAJpZJSGlIWUakwDAABqTwMAAGpQAwAAiWpRAwAATnVidWhCj5RoRH2UKGpzBAAAXZRqcwQAAGFqdAQAAF2UanQEAABhdWhHiGhIiGhJiGhKj5QoanMEAACQaEyJaE2JaE4paE9oUimBlH2UKGhVXZRqXAMAACmBlH2UKGhcaF8pgZR9lChoYmpzBAAAak8DAACGlH2UhpRobGpPAwAAaG1qcwQAAGhuak8DAABob4l1YmhwSwNocV2UaG+JdWJhaHOMA0FORJRodYlob4l1Ymh2aFJod05oeCloeUsAaHpOaHuJaHwpaH2JaH6JaH+JaIApaIGJaIJLBWiDKWiETmiFTmiGTmiHTmiIiWiJKWiKTmiLTmiMTmiNKWiOKWiPKJGUiIaUaJJ9lGiUiWiVTmiWfZRomF2UKGpzBAAAanQEAABlaJpqcwQAAHViaJtdlChoBGgFagIBAACGlIWUUpR9lChqHgEAAGgNKYGUfZQoaBCJaBGMB2RlZmF1bHSUaiEBAAB9lIwLc3BpZGVyX3R5cGWUaARoBWokAQAAhpSFlFKUfZQojAZfc3RhdGWUaA0pgZR9lChoEIloEWqcBAAAdWJqfAQAAEsDjARuYW1llIwG6Z+z5LmQlIwLZGF0YV9mb3JtYXSUjP8KICAgICAgICBbCgl7CgkJIm11c2ljX25hbWUiOiLog6HokJ3ljZzpobsiLCAgICAgICAgI+mfs+S5kOWQjQoJCSJtdXNpY19zaXplIjoiMTJNIiwgICAgICMg5paH5Lu25aSn5bCPCgkJIm11c2ljX3NpbmdlciI6IuiuuOW1qSIsICAgICPmrYzmiYsKCQkibXVzaWNfZG93bmxvYWRfYWRkcmVzcyI6Ind3dy5tdXNpYzI1MzYuY24vODEyMzg5MjMwMiIgICAgICAjIOS4i+i9veWcsOWdgAoJCSJzb3VyY2UiOiJxcemfs+S5kCIKCX0sCl0KICAgICAgICCUjAhhZGRfdGltZZRoGkMKB+MHHRERAgRGKZSFlFKUjA9fZGphbmdvX3ZlcnNpb26UjAUyLjIuMpR1YnN1YmozAQAASwdoqYwQU3BpZGVyX211c2ljMS5weZRqNQEAAIwdc3BpZGVyX2ZpbGVzL1NwaWRlcl9tdXNpYzEucHmUajcBAACMCemYv+iQqOi+vpRqOQEAAIwJ5bCP6J+S6JuHlGo7AQAASwNqPAEAAIwPd3d3LndlaXNwcGEudG9wlGo+AQAAjAhxcemfs+S5kJRqQAEAAGimKYGUfZQoaKmMJ3dlYnNpdGVfaW1ncy9RUeWbvueJhzIwMTkwNTI1MjAzMjI3LmpwZ5Roq4lorIhorU51YmpEAQAAjBIxMjMxNzMyNjgxN0BxcS5jb22UakYBAACJakcBAABLAGpIAQAASwBqSQEAAEsAakoBAACMBHN0b3CUakwBAABLAGpNAQAAaBpDCgfjBx0RIwoIsAiUhZRSlGpRAQAAjAUyLjIuMpR1YmgEaAVqAgEAAIaUhZRSlH2UKGoeAQAAaA0pgZR9lChoEIloEWqcBAAAaiEBAAB9lGqeBAAAaARoBWokAQAAhpSFlFKUfZQoaqMEAABoDSmBlH2UKGgQiWgRapwEAAB1Ymp8BAAASwNqpgQAAIwG6Z+z5LmQlGqoBAAAjP8KICAgICAgICBbCgl7CgkJIm11c2ljX25hbWUiOiLog6HokJ3ljZzpobsiLCAgICAgICAgI+mfs+S5kOWQjQoJCSJtdXNpY19zaXplIjoiMTJNIiwgICAgICMg5paH5Lu25aSn5bCPCgkJIm11c2ljX3NpbmdlciI6IuiuuOW1qSIsICAgICPmrYzmiYsKCQkibXVzaWNfZG93bmxvYWRfYWRkcmVzcyI6Ind3dy5tdXNpYzI1MzYuY24vODEyMzg5MjMwMiIgICAgICAjIOS4i+i9veWcsOWdgAoJCSJzb3VyY2UiOiJxcemfs+S5kCIKCX0sCl0KICAgICAgICCUaqoEAABoGkMKB+MHHRERAgRGKZSFlFKUaq4EAACMBTIuMi4ylHVic3ViajMBAABLCGipjBBTcGlkZXJfbXVzaWMyLnB5lGo1AQAAjB1zcGlkZXJfZmlsZXMvU3BpZGVyX211c2ljMi5weZRqNwEAAIwM5pKS5aSn5aOw5ZywlGo5AQAAjAnlsI/lvJ/lvJ+UajsBAABLA2o8AQAAjAp3d3cuODBzLmxhlGo+AQAAjA/nvZHmmJPkupHpn7PkuZCUakABAABopimBlH2UKGipjBp3ZWJzaXRlX2ltZ3MvNV9JOFNWbmh4LmdpZpRoq4lorIhorU51YmpEAQAAjBB3ZWlzcGFwcEAxNjMuY29tlGpGAQAAiWpHAQAASwBqSAEAAEsAakkBAABLAGpKAQAAjARzdG9wlGpMAQAASwBqTQEAAGgaQwoH4wcdESQODW2elIWUUpRqUQEAAIwFMi4yLjKUdWJlaPOJaPSJaPUpaPaJaPd9lGj5aPto/E5o/YwFMi4yLjKUdWKMDHNwaWRlcl9saXN0NJRoIymBlH2UKGgmagMBAABoKk5oK32UaC1oMCmBlH2UKGgmagMBAABoM32UKIwKdmVpX3NwaWRlcpRLAYwPdmVpX3NwaWRlcl90eXBllEsAdWg2aDkpUpQoauoEAABoPSmBlH2UKGhAauoEAABoQWrqBAAAdWJq6wQAAGpCAwAAKYGUfZQoaEBq6wQAAGpFAwAAauoEAABoQWrrBAAAakYDAACMCklOTkVSIEpPSU6UakgDAACMDnNwaWRlcl90eXBlX2lklIwCaWSUhpSFlGpMAwAAak8DAABqUAMAAIlqUQMAAE51YnVoQo+UaER9lChq6gQAAF2UauoEAABhausEAABdlGrrBAAAYXVoR4hoSIhoSYhoSo+UKGrqBAAAkGhMiWhNiWhOKWhPaFIpgZR9lChoVV2UalwDAAApgZR9lChoXGhfKYGUfZQoaGJq6gQAAGpPAwAAhpR9lIaUaGxqTwMAAGhtauoEAABobmpPAwAAaG+JdWJocEsEaHFdlGhviXViYWhzjANBTkSUaHWJaG+JdWJodmhSaHdOaHgpaHlLAGh6Tmh7iWh8KWh9iWh+iWh/iWiAKWiBiWiCSwVogylohE5ohU5ohk5oh05oiIloiSloik5oi05ojE5ojSlojilojyiRlIiGlGiSfZRolIlolU5oln2UaJhdlChq6gQAAGrrBAAAZWiaauoEAAB1YmibXZRo84lo9Ilo9Slo9olo932UaPlo+2j8Tmj9jAUyLjIuMpR1YnUu','2019-08-12 17:39:22.226746'),('adkhk5uox9l199k7umfh6al4fmuor5kt','NGFhNDI5MDU5NTZmY2JjYWJmMjc5YTkxNjg2M2MxNzBlYWRkYWE2NTqABJVWDQAAAAAAAH2UKIwJYnJvYWRjYXN0lE6MDnNodWZmbGluZ19saXN0lIwWZGphbmdvLmRiLm1vZGVscy5xdWVyeZSMCFF1ZXJ5U2V0lJOUKYGUfZQojAVtb2RlbJSMCnZlaS5tb2RlbHOUjAlTaHVmZmxpbmeUk5SMA19kYpROjAZfaGludHOUfZSMBXF1ZXJ5lIwaZGphbmdvLmRiLm1vZGVscy5zcWwucXVlcnmUjAVRdWVyeZSTlCmBlH2UKGgIaAuMDmFsaWFzX3JlZmNvdW50lH2UjA12ZWlfc2h1ZmZsaW5nlEsBc4wJYWxpYXNfbWFwlIwLY29sbGVjdGlvbnOUjAtPcmRlcmVkRGljdJSTlClSlGgXjCNkamFuZ28uZGIubW9kZWxzLnNxbC5kYXRhc3RydWN0dXJlc5SMCUJhc2VUYWJsZZSTlCmBlH2UKIwKdGFibGVfbmFtZZRoF4wLdGFibGVfYWxpYXOUaBd1YnOMEGV4dGVybmFsX2FsaWFzZXOUj5SMCXRhYmxlX21hcJR9lGgXXZRoF2FzjAxkZWZhdWx0X2NvbHOUiIwQZGVmYXVsdF9vcmRlcmluZ5SIjBFzdGFuZGFyZF9vcmRlcmluZ5SIjAx1c2VkX2FsaWFzZXOUj5SMEGZpbHRlcl9pc19zdGlja3mUiYwIc3VicXVlcnmUiYwGc2VsZWN0lCmMBXdoZXJllIwaZGphbmdvLmRiLm1vZGVscy5zcWwud2hlcmWUjAlXaGVyZU5vZGWUk5QpgZR9lCiMCGNoaWxkcmVulF2UjBhkamFuZ28uZGIubW9kZWxzLmxvb2t1cHOUjAVFeGFjdJSTlCmBlH2UKIwDbGhzlIwcZGphbmdvLmRiLm1vZGVscy5leHByZXNzaW9uc5SMA0NvbJSTlCmBlH2UKIwRX2NvbnN0cnVjdG9yX2FyZ3OUaBeMF2RqYW5nby5kYi5tb2RlbHMuZmllbGRzlIwLX2xvYWRfZmllbGSUk5SMA3ZlaZRoCowHaXNfdXNlZJSHlFKUhpR9lIaUjAxvdXRwdXRfZmllbGSUaEuMBWFsaWFzlGgXjAZ0YXJnZXSUaEuMEmNvbnRhaW5zX2FnZ3JlZ2F0ZZSJdWKMA3Joc5SIjBRiaWxhdGVyYWxfdHJhbnNmb3Jtc5RdlGhSiXViYYwJY29ubmVjdG9ylIwDQU5ElIwHbmVnYXRlZJSJaFKJdWKMC3doZXJlX2NsYXNzlGg0jAhncm91cF9ieZROjAhvcmRlcl9ieZQpjAhsb3dfbWFya5RLAIwJaGlnaF9tYXJrlEsGjAhkaXN0aW5jdJSJjA9kaXN0aW5jdF9maWVsZHOUKYwRc2VsZWN0X2Zvcl91cGRhdGWUiYwYc2VsZWN0X2Zvcl91cGRhdGVfbm93YWl0lImMHXNlbGVjdF9mb3JfdXBkYXRlX3NraXBfbG9ja2VklImMFHNlbGVjdF9mb3JfdXBkYXRlX29mlCmMDnNlbGVjdF9yZWxhdGVklImMCW1heF9kZXB0aJRLBYwNdmFsdWVzX3NlbGVjdJQpjAxfYW5ub3RhdGlvbnOUTowWYW5ub3RhdGlvbl9zZWxlY3RfbWFza5ROjBhfYW5ub3RhdGlvbl9zZWxlY3RfY2FjaGWUTowKY29tYmluYXRvcpROjA5jb21iaW5hdG9yX2FsbJSJjBBjb21iaW5lZF9xdWVyaWVzlCmMBl9leHRyYZROjBFleHRyYV9zZWxlY3RfbWFza5ROjBNfZXh0cmFfc2VsZWN0X2NhY2hllE6MDGV4dHJhX3RhYmxlc5QpjA5leHRyYV9vcmRlcl9ieZQpjBBkZWZlcnJlZF9sb2FkaW5nlCiRlIiGlIwTX2ZpbHRlcmVkX3JlbGF0aW9uc5R9lIwNZXhwbGFpbl9xdWVyeZSJjA5leHBsYWluX2Zvcm1hdJROjA9leHBsYWluX29wdGlvbnOUfZSMDV9sb29rdXBfam9pbnOUXZRoF2GMCmJhc2VfdGFibGWUaBd1YowNX3Jlc3VsdF9jYWNoZZRdlIwOX3N0aWNreV9maWx0ZXKUiYwKX2Zvcl93cml0ZZSJjBlfcHJlZmV0Y2hfcmVsYXRlZF9sb29rdXBzlCmMDl9wcmVmZXRjaF9kb25llImMFl9rbm93bl9yZWxhdGVkX29iamVjdHOUfZSMD19pdGVyYWJsZV9jbGFzc5RoA4wNTW9kZWxJdGVyYWJsZZSTlIwHX2ZpZWxkc5ROjA9fZGphbmdvX3ZlcnNpb26UjAUyLjIuMpR1YowLc3BpZGVyX2xpc3SUaAUpgZR9lChoCGgJjAZTcGlkZXKUk5RoDE5oDX2UaA9oEimBlH2UKGgIaJBoFX2UjAp2ZWlfc3BpZGVylEsAc2gYaBspUpRolWgfKYGUfZQoaCJolWgjaJV1YnNoJI+UaCZ9lGiVXZRolWFzaCmIaCqIaCuIaCyPlGguiWgviWgwKWgxaDQpgZR9lChoN12UaFZoV2hYiWhSiXViaFloNGhaTmhbjAktYWRkX3RpbWWUhZRoXEsAaF1OaF6JaF8paGCJaGGJaGKJaGMpaGSJaGVLBWhmKWhnaBspUpRoaE5oaU5oak5oa4lobClobU5obk5ob05ocClocSlocmhziIaUaHV9lGh3iWh4Tmh5fZRofWiVdWJofl2UaICJaIGJaIIpaIOJaIR9lGiGaIhoiU5oiowFMi4yLjKUdWKMCXBhY2tfbGlzdJRdlCh9lCiMCXBhY2tfbmFtZZSMB2Fpb2h0dHCUjAhwYWNrX3ZlcpSMBTMuNS40lHV9lChorIwEYW1xcJRorowFMS40LjmUdX2UKGisjAdhbnlqc29ulGiujAUwLjMuM5R1fZQoaKyMDWFzeW5jLXRpbWVvdXSUaK6MBTMuMC4xlHV9lChorIwFYXR0cnOUaK6MBjE5LjEuMJR1fZQoaKyMBUJhYmVslGiujAUyLjcuMJR1fZQoaKyMCGJpbGxpYXJklGiujAgzLjMuMC4yM5R1fZQoaKyMBmNlbGVyeZRorowMMy4xLjI2LnBvc3QylHV9lChorIwHY2VydGlmaZRorowJMjAxOS42LjE2lHV9lChorIwHY2hhcmRldJRorowFMy4wLjSUdX2UKGisjAZEamFuZ2+UaK6MBTIuMi4ylHV9lChorIwNZGphbmdvLWNlbGVyeZRorowFMy4yLjKUdX2UKGisjAxkamFuZ28tcmVkaXOUaK6MBjQuMTAuMJR1fZQoaKyMD2RqYW5nby1zaW1wbGV1aZRorowJMi4xLjQuNjE5lHV9lChorIwTZGphbmdvcmVzdGZyYW1ld29ya5RorowGMy4xMC4xlHV9lChorIwGZmxvd2VylGiujAUwLjkuM5R1fZQoaKyMBGlkbmGUaK6MAzIuOJR1fZQoaKyMCGlkbmEtc3NslGiujAUxLjEuMJR1fZQoaKyMDWltcG9ydC1zdHJpbmeUaK6MBTAuMS4wlHV9lChorIwFa29tYnWUaK6MBjMuMC4zN5R1fZQoaKyMBGx4bWyUaK6MBTMuNy4ylHV9lChorIwJbXVsdGlkaWN0lGiujAU0LjUuMpR1fZQoaKyMC215c3FsY2xpZW50lGiujAsxLjQuMi5wb3N0MZR1fZQoaKyMBlBpbGxvd5RorowFNi4wLjCUdX2UKGisjAdQeU15U1FMlGiujAUwLjkuM5R1fZQoaKyMBHB5dHqUaK6MBjIwMTkuMZR1fZQoaKyMBXJlZGlzlGiujAYyLjEwLjaUdX2UKGisjAhyZXF1ZXN0c5RorowGMi4yMi4wlHV9lChorIwDc2l4lGiujAYxLjEyLjCUdX2UKGisjAhzcWxwYXJzZZRorowFMC4zLjCUdX2UKGisjAd0b3JuYWRvlGiujAU1LjEuMZR1fZQoaKyMEXR5cGluZy1leHRlbnNpb25zlGiujAUzLjcuNJR1fZQoaKyMB3VybGxpYjOUaK6MBjEuMjUuM5R1fZQoaKyMBHlhcmyUaK6MBTEuMy4wlHVljAtwcm94eV9jb3VudJRLAIwKcHJveHlfbGlzdJRdlIwNY29tbWVudHNfbGlzdJRoBSmBlH2UKGgIaAmMCENvbW1lbnRzlJOUaAxOaA19lGgPaBIpgZR9lChoCGoaAQAAaBV9lIwMdmVpX2NvbW1lbnRzlEsAc2gYaBspUpRqHwEAAGgfKYGUfZQoaCJqHwEAAGgjah8BAAB1YnNoJI+UaCZ9lGofAQAAXZRqHwEAAGFzaCmIaCqIaCuIaCyPlGguiWgviWgwKWgxaDQpgZR9lChoN12UaFZoV2hYiWhSiXViaFloNGhaTmhbaKCFlGhcSwBoXUseaF6JaF8paGCJaGGJaGKJaGMpaGSJaGVLBWhmKWhnaBspUpRoaE5oaU5oak5oa4lobClobU5obk5ob05ocClocSlocmhziIaUaHV9lGh3iWh4Tmh5fZRofWofAQAAdWJofl2UaICJaIGJaIIpaIOJaIR9lGiGaIhoiU5oiowFMi4yLjKUdWJ1Lg==','2019-08-12 17:11:09.861948'),('f7hnx6701qmvx7x4zp6ttm04kmb02gdb','OGU1M2I5ZjE3NmIxMTk2MjViMWI5OGE5NDdkZTc2NzRiYjE4MTM4YjqABJUsLAAAAAAAAH2UKIwJYnJvYWRjYXN0lIwVZGphbmdvLmRiLm1vZGVscy5iYXNllIwObW9kZWxfdW5waWNrbGWUk5SMA3ZlaZSMCUJyb2FkY2FzdJSGlIWUUpR9lCiMBl9zdGF0ZZRoAowKTW9kZWxTdGF0ZZSTlCmBlH2UKIwGYWRkaW5nlImMAmRilIwHZGVmYXVsdJR1YowCaWSUSwGMDGNhc3RfY29udGVudJSMe+aIkeS7rOS4jeeUn+S6p+i1hOa6kO+8jOaIkeS7rOS4jeWtmOWCqOi1hOa6kO+8jOaIkeS7rOS4jeaYr+i1hOa6kOeahOaQrOi/kOW3pe+8jOaIkeS7rOWPquaYr+S4uuaQrOi/kOW3peaPkOS+m+S6huS9j+aJgOOAgpSMB2lzX3VzZWSUiIwIYWRkX3RpbWWUjAhkYXRldGltZZSMCGRhdGV0aW1llJOUQwoH4wcdEREAAAAAlIWUUpSMD19kamFuZ29fdmVyc2lvbpSMBTIuMi4ylHVijA5zaHVmZmxpbmdfbGlzdJSMFmRqYW5nby5kYi5tb2RlbHMucXVlcnmUjAhRdWVyeVNldJSTlCmBlH2UKIwFbW9kZWyUjAp2ZWkubW9kZWxzlIwJU2h1ZmZsaW5nlJOUjANfZGKUTowGX2hpbnRzlH2UjAVxdWVyeZSMGmRqYW5nby5kYi5tb2RlbHMuc3FsLnF1ZXJ5lIwFUXVlcnmUk5QpgZR9lChoJmgpjA5hbGlhc19yZWZjb3VudJR9lIwNdmVpX3NodWZmbGluZ5RLAXOMCWFsaWFzX21hcJSMC2NvbGxlY3Rpb25zlIwLT3JkZXJlZERpY3SUk5QpUpRoNYwjZGphbmdvLmRiLm1vZGVscy5zcWwuZGF0YXN0cnVjdHVyZXOUjAlCYXNlVGFibGWUk5QpgZR9lCiMCnRhYmxlX25hbWWUaDWMC3RhYmxlX2FsaWFzlGg1dWJzjBBleHRlcm5hbF9hbGlhc2VzlI+UjAl0YWJsZV9tYXCUfZRoNV2UaDVhc4wMZGVmYXVsdF9jb2xzlIiMEGRlZmF1bHRfb3JkZXJpbmeUiIwRc3RhbmRhcmRfb3JkZXJpbmeUiIwMdXNlZF9hbGlhc2VzlI+UjBBmaWx0ZXJfaXNfc3RpY2t5lImMCHN1YnF1ZXJ5lImMBnNlbGVjdJQpjAV3aGVyZZSMGmRqYW5nby5kYi5tb2RlbHMuc3FsLndoZXJllIwJV2hlcmVOb2RllJOUKYGUfZQojAhjaGlsZHJlbpRdlIwYZGphbmdvLmRiLm1vZGVscy5sb29rdXBzlIwFRXhhY3SUk5QpgZR9lCiMA2xoc5SMHGRqYW5nby5kYi5tb2RlbHMuZXhwcmVzc2lvbnOUjANDb2yUk5QpgZR9lCiMEV9jb25zdHJ1Y3Rvcl9hcmdzlGg1jBdkamFuZ28uZGIubW9kZWxzLmZpZWxkc5SMC19sb2FkX2ZpZWxklJOUaAVoKIwHaXNfdXNlZJSHlFKUhpR9lIaUjAxvdXRwdXRfZmllbGSUaGiMBWFsaWFzlGg1jAZ0YXJnZXSUaGiMEmNvbnRhaW5zX2FnZ3JlZ2F0ZZSJdWKMA3Joc5SIjBRiaWxhdGVyYWxfdHJhbnNmb3Jtc5RdlGhviXViYYwJY29ubmVjdG9ylIwDQU5ElIwHbmVnYXRlZJSJaG+JdWKMC3doZXJlX2NsYXNzlGhSjAhncm91cF9ieZROjAhvcmRlcl9ieZQpjAhsb3dfbWFya5RLAIwJaGlnaF9tYXJrlEsGjAhkaXN0aW5jdJSJjA9kaXN0aW5jdF9maWVsZHOUKYwRc2VsZWN0X2Zvcl91cGRhdGWUiYwYc2VsZWN0X2Zvcl91cGRhdGVfbm93YWl0lImMHXNlbGVjdF9mb3JfdXBkYXRlX3NraXBfbG9ja2VklImMFHNlbGVjdF9mb3JfdXBkYXRlX29mlCmMDnNlbGVjdF9yZWxhdGVklImMCW1heF9kZXB0aJRLBYwNdmFsdWVzX3NlbGVjdJQpjAxfYW5ub3RhdGlvbnOUTowWYW5ub3RhdGlvbl9zZWxlY3RfbWFza5ROjBhfYW5ub3RhdGlvbl9zZWxlY3RfY2FjaGWUTowKY29tYmluYXRvcpROjA5jb21iaW5hdG9yX2FsbJSJjBBjb21iaW5lZF9xdWVyaWVzlCmMBl9leHRyYZROjBFleHRyYV9zZWxlY3RfbWFza5ROjBNfZXh0cmFfc2VsZWN0X2NhY2hllE6MDGV4dHJhX3RhYmxlc5QpjA5leHRyYV9vcmRlcl9ieZQpjBBkZWZlcnJlZF9sb2FkaW5nlCiRlIiGlIwTX2ZpbHRlcmVkX3JlbGF0aW9uc5R9lIwNZXhwbGFpbl9xdWVyeZSJjA5leHBsYWluX2Zvcm1hdJROjA9leHBsYWluX29wdGlvbnOUfZSMDV9sb29rdXBfam9pbnOUXZRoNWGMCmJhc2VfdGFibGWUaDV1YowNX3Jlc3VsdF9jYWNoZZRdlChoBGgFaCiGlIWUUpR9lChoC2gNKYGUfZQoaBCJaBFoEnViaBNLAYwDaW1nlIwdZGphbmdvLmRiLm1vZGVscy5maWVsZHMuZmlsZXOUjA5JbWFnZUZpZWxkRmlsZZSTlCmBlH2UKIwEbmFtZZSMFHNodWZmbGluZ19pbWdzLzEuZ2lmlIwGY2xvc2VklImMCl9jb21taXR0ZWSUiIwFX2ZpbGWUTnViaBaIaBdoGkMKB+MHHREdAAAAAJSFlFKUaB6MBTIuMi4ylHViaARoBWgohpSFlFKUfZQoaAtoDSmBlH2UKGgQiWgRaBJ1YmgTSwJoo2imKYGUfZQoaKmMFHNodWZmbGluZ19pbWdzLzUuZ2lmlGiriWisiGitTnViaBaIaBdoGkMKB+MHHREdAAAAAJSFlFKUaB6MBTIuMi4ylHViaARoBWgohpSFlFKUfZQoaAtoDSmBlH2UKGgQiWgRaBJ1YmgTSwNoo2imKYGUfZQoaKmMFHNodWZmbGluZ19pbWdzLzkuZ2lmlGiriWisiGitTnViaBaIaBdoGkMKB+MHHREdAAAAAJSFlFKUaB6MBTIuMi4ylHViaARoBWgohpSFlFKUfZQoaAtoDSmBlH2UKGgQiWgRaBJ1YmgTSwRoo2imKYGUfZQoaKmMKXNodWZmbGluZ19pbWdzL1FR5Zu+54mHMjAxOTA1MjUxNjQxMTAuanBnlGiriWisiGitTnViaBaIaBdoGkMKB+MHHREdAAAAAJSFlFKUaB6MBTIuMi4ylHViaARoBWgohpSFlFKUfZQoaAtoDSmBlH2UKGgQiWgRaBJ1YmgTSwVoo2imKYGUfZQoaKmMKXNodWZmbGluZ19pbWdzL1FR5Zu+54mHMjAxOTA1MjUyMDMyMjcuanBnlGiriWisiGitTnViaBaIaBdoGkMKB+MHHREdAAAAAJSFlFKUaB6MBTIuMi4ylHViaARoBWgohpSFlFKUfZQoaAtoDSmBlH2UKGgQiWgRaBJ1YmgTSwZoo2imKYGUfZQoaKmMHHNodWZmbGluZ19pbWdzLzlfQ3B6M3BtMy5naWaUaKuJaKyIaK1OdWJoFohoF2gaQwoH4wcdER0AAAAAlIWUUpRoHowFMi4yLjKUdWJljA5fc3RpY2t5X2ZpbHRlcpSJjApfZm9yX3dyaXRllImMGV9wcmVmZXRjaF9yZWxhdGVkX2xvb2t1cHOUKYwOX3ByZWZldGNoX2RvbmWUiYwWX2tub3duX3JlbGF0ZWRfb2JqZWN0c5R9lIwPX2l0ZXJhYmxlX2NsYXNzlGghjA1Nb2RlbEl0ZXJhYmxllJOUjAdfZmllbGRzlE6MD19kamFuZ29fdmVyc2lvbpSMBTIuMi4ylHVijAtzcGlkZXJfbGlzdJRoIymBlH2UKGgmaCeMBlNwaWRlcpSTlGgqTmgrfZRoLWgwKYGUfZQoaCZqAwEAAGgzfZSMCnZlaV9zcGlkZXKUSwBzaDZoOSlSlGoIAQAAaD0pgZR9lChoQGoIAQAAaEFqCAEAAHVic2hCj5RoRH2UaggBAABdlGoIAQAAYXNoR4hoSIhoSYhoSo+UaEyJaE2JaE4paE9oUimBlH2UKGhVXZRoc2h0aHWJaG+JdWJodmhSaHdOaHiMCS1hZGRfdGltZZSFlGh5SwBoek5oe4lofClofYlofolof4logClogYlogksFaIMpaIRoOSlSlGiFTmiGTmiHTmiIiWiJKWiKTmiLTmiMTmiNKWiOKWiPaJCIhpRokn2UaJSJaJVOaJZ9lGiaaggBAAB1YmibXZQoaARoBWoCAQAAhpSFlFKUfZQojAZfc3RhdGWUaA0pgZR9lChoEIloEWgSjAxmaWVsZHNfY2FjaGWUfZSMC3NwaWRlcl90eXBllGgEaAWMC1NwaWRlcl90eXBllIaUhZRSlH2UKGgLaA0pgZR9lChoEIloEWgSdWJoE0sBjARuYW1llIwG55S15b2xlIwLZGF0YV9mb3JtYXSUWN8BAAAKICAgICAgICBbCgl7CgkJIm1vdmllX25hbWUiOiLmlpfnoLToi43nqbkiLCAgICAjIOeUteW9seWQjQoJCSJtb3ZpZV9zaXplIjoiMS4zRyIsICAgICMg5paH5Lu25aSn5bCPCgkJInRodW5kZXJfbGluayI6InRodW5kZXI6Ly9RVUZ0WVdkdVpYUTZQM2gwUFhWeWJqcGlkR2xvT2preU5UY3lNRFl6TmpJNE5VVkNPREJFTVVGRk1UYzFPRU0wTnpNd1FUSTBNVEl6UVRsRk9FRmFXZz09IiwgICAgICMg6L+F6Zu36ZO+5o6lCgkJIm1vdmllX29ubGluZV92aWV3X2FkZHJlc3MiOiJodHRwczovL2JpbGkubWVpanV6dWlkYS5jb20vc2hhcmUvOGEyN2MyZGRjM2QzZmU3NGFhMDM3ZjRiN2QyNjJlMzQiICAgICMg5Zyo57q/6KeC55yL5Zyw5Z2ACgkJInNvdXJjZSI6Ijgwc+eUteW9see9kSIgICAgICAgIyDotYTmupDmnaXmupDnvZHnq5kKCX0sCgkjIOazqOaEj++8jOWxnuaAp+iOt+WPluS4jeWIsOeahOW/hemhu+Whq251bGzvvJsKXQogICAgICAgIJRoF2gaQwoH4wcdERECBEJBlIWUUpRoHowFMi4yLjKUdWJzdWKMAmlklEsEaKmMDVNwaWRlcl84MHMucHmUjAdjb250ZW50lIwac3BpZGVyX2ZpbGVzL1NwaWRlcl84MHMucHmUjBJmdW5jdGlvbl9pbnRyb2R1Y2WUjAnpmL/okKjovr6UjAZhdXRob3KUjAblsI/nuqKUjA5zcGlkZXJfdHlwZV9pZJRLAYwPd2Vic2l0ZV9hZGRyZXNzlIwKd3d3Ljgwcy5sYZSMDHdlYnNpdGVfbmFtZZSMDDgwc+eUteW9see9kZSMC3dlYnNpdGVfaW1nlGimKYGUfZQoaKmMFHdlYnNpdGVfaW1ncy84MHMucG5nlGiriWisiGitTnVijAxhdXRob3JfZW1haWyUjBIxMjMxNzMyNjgxN0BxcS5jb22UjA1hbGxvd2VkX2VtYWlslIiMCHZpZXdfbnVtlEsAjAhsaWtlX251bZRLAIwMY29tbWVudHNfbnVtlEsAjA1zcGlkZXJfc3RhdHVzlIwEc3RvcJSMCWVycm9yX251bZRLAIwIYWRkX3RpbWWUaBpDCgfjBx0RGhUGHr2UhZRSlIwPX2RqYW5nb192ZXJzaW9ulIwFMi4yLjKUdWJoBGgFagIBAACGlIWUUpR9lChqHgEAAGgNKYGUfZQoaBCJaBFoEmohAQAAfZRqIwEAAGgEaAVqJAEAAIaUhZRSlH2UKGgLaA0pgZR9lChoEIloEWgSdWJoE0sBaisBAACMBueUteW9sZRqLQEAAFjfAQAACiAgICAgICAgWwoJewoJCSJtb3ZpZV9uYW1lIjoi5paX56C06IuN56m5IiwgICAgIyDnlLXlvbHlkI0KCQkibW92aWVfc2l6ZSI6IjEuM0ciLCAgICAjIOaWh+S7tuWkp+WwjwoJCSJ0aHVuZGVyX2xpbmsiOiJ0aHVuZGVyOi8vUVVGdFlXZHVaWFE2UDNoMFBYVnlianBpZEdsb09qa3lOVGN5TURZek5qSTROVVZDT0RCRU1VRkZNVGMxT0VNME56TXdRVEkwTVRJelFUbEZPRUZhV2c9PSIsICAgICAjIOi/hembt+mTvuaOpQoJCSJtb3ZpZV9vbmxpbmVfdmlld19hZGRyZXNzIjoiaHR0cHM6Ly9iaWxpLm1laWp1enVpZGEuY29tL3NoYXJlLzhhMjdjMmRkYzNkM2ZlNzRhYTAzN2Y0YjdkMjYyZTM0IiAgICAjIOWcqOe6v+ingueci+WcsOWdgAoJCSJzb3VyY2UiOiI4MHPnlLXlvbHnvZEiICAgICAgICMg6LWE5rqQ5p2l5rqQ572R56uZCgl9LAoJIyDms6jmhI/vvIzlsZ7mgKfojrflj5bkuI3liLDnmoTlv4XpobvloatudWxs77ybCl0KICAgICAgICCUaBdoGkMKB+MHHRERAgRCQZSFlFKUaB6MBTIuMi4ylHVic3ViajMBAABLA2ipjA1TcGlkZXJfNzBzLnB5lGo1AQAAjBpzcGlkZXJfZmlsZXMvU3BpZGVyXzcwcy5weZRqNwEAAIwIYWRhc2Rhc2SUajkBAACMCeWwj+ifkuibh5RqOwEAAEsBajwBAACMCnd3dy43MHMubGGUaj4BAACMCTcwc+eUteW9sZRqQAEAAGimKYGUfZQoaKmMEndlYnNpdGVfaW1ncy85LmdpZpRoq4lorIhorU51YmpEAQAAjBIxMjMxNzMyNjgxN0BxcS5jb22UakYBAACJakcBAABLAGpIAQAASwBqSQEAAEsAakoBAACMBHN0b3CUakwBAABLAGpNAQAAaBpDCgfjBx0RGQ8BdDyUhZRSlGpRAQAAjAUyLjIuMpR1YmgEaAVqAgEAAIaUhZRSlH2UKGoeAQAAaA0pgZR9lChoEIloEWgSaiEBAAB9lGojAQAAaARoBWokAQAAhpSFlFKUfZQoaAtoDSmBlH2UKGgQiWgRaBJ1YmgTSwFqKwEAAIwG55S15b2xlGotAQAAWN8BAAAKICAgICAgICBbCgl7CgkJIm1vdmllX25hbWUiOiLmlpfnoLToi43nqbkiLCAgICAjIOeUteW9seWQjQoJCSJtb3ZpZV9zaXplIjoiMS4zRyIsICAgICMg5paH5Lu25aSn5bCPCgkJInRodW5kZXJfbGluayI6InRodW5kZXI6Ly9RVUZ0WVdkdVpYUTZQM2gwUFhWeWJqcGlkR2xvT2preU5UY3lNRFl6TmpJNE5VVkNPREJFTVVGRk1UYzFPRU0wTnpNd1FUSTBNVEl6UVRsRk9FRmFXZz09IiwgICAgICMg6L+F6Zu36ZO+5o6lCgkJIm1vdmllX29ubGluZV92aWV3X2FkZHJlc3MiOiJodHRwczovL2JpbGkubWVpanV6dWlkYS5jb20vc2hhcmUvOGEyN2MyZGRjM2QzZmU3NGFhMDM3ZjRiN2QyNjJlMzQiICAgICMg5Zyo57q/6KeC55yL5Zyw5Z2ACgkJInNvdXJjZSI6Ijgwc+eUteW9see9kSIgICAgICAgIyDotYTmupDmnaXmupDnvZHnq5kKCX0sCgkjIOazqOaEj++8jOWxnuaAp+iOt+WPluS4jeWIsOeahOW/hemhu+Whq251bGzvvJsKXQogICAgICAgIJRoF2gaQwoH4wcdERECBEJBlIWUUpRoHowFMi4yLjKUdWJzdWJqMwEAAEsCaKmMDVNwaWRlcl82MHMucHmUajUBAACMGnNwaWRlcl9maWxlcy9TcGlkZXJfNjBzLnB5lGo3AQAAjAlhc2Rhc2Rhc2SUajkBAACMBuWwj+aYjpRqOwEAAEsBajwBAACMC3d3dy42MHMuY29tlGo+AQAAjAw2MHPnlLXlvbHnvZGUakABAABopimBlH2UKGipjBJ3ZWJzaXRlX2ltZ3MvNS5naWaUaKuJaKyIaK1OdWJqRAEAAIwRMjMxNzMyNjgxN0BxcS5jb22UakYBAACIakcBAABLAGpIAQAASwBqSQEAAEsAakoBAACMBHN0b3CUakwBAABLAGpNAQAAaBpDCgfjBx0RFyMNJbGUhZRSlGpRAQAAjAUyLjIuMpR1YmgEaAVqAgEAAIaUhZRSlH2UKGoeAQAAaA0pgZR9lChoEIloEWgSaiEBAAB9lGojAQAAaARoBWokAQAAhpSFlFKUfZQoaAtoDSmBlH2UKGgQiWgRaBJ1YmgTSwFqKwEAAIwG55S15b2xlGotAQAAWN8BAAAKICAgICAgICBbCgl7CgkJIm1vdmllX25hbWUiOiLmlpfnoLToi43nqbkiLCAgICAjIOeUteW9seWQjQoJCSJtb3ZpZV9zaXplIjoiMS4zRyIsICAgICMg5paH5Lu25aSn5bCPCgkJInRodW5kZXJfbGluayI6InRodW5kZXI6Ly9RVUZ0WVdkdVpYUTZQM2gwUFhWeWJqcGlkR2xvT2preU5UY3lNRFl6TmpJNE5VVkNPREJFTVVGRk1UYzFPRU0wTnpNd1FUSTBNVEl6UVRsRk9FRmFXZz09IiwgICAgICMg6L+F6Zu36ZO+5o6lCgkJIm1vdmllX29ubGluZV92aWV3X2FkZHJlc3MiOiJodHRwczovL2JpbGkubWVpanV6dWlkYS5jb20vc2hhcmUvOGEyN2MyZGRjM2QzZmU3NGFhMDM3ZjRiN2QyNjJlMzQiICAgICMg5Zyo57q/6KeC55yL5Zyw5Z2ACgkJInNvdXJjZSI6Ijgwc+eUteW9see9kSIgICAgICAgIyDotYTmupDmnaXmupDnvZHnq5kKCX0sCgkjIOazqOaEj++8jOWxnuaAp+iOt+WPluS4jeWIsOeahOW/hemhu+Whq251bGzvvJsKXQogICAgICAgIJRoF2gaQwoH4wcdERECBEJBlIWUUpRoHowFMi4yLjKUdWJzdWJqMwEAAEsBaKmMDVNwaWRlcl81MHMucHmUajUBAACMGnNwaWRlcl9maWxlcy9TcGlkZXJfNTBzLnB5lGo3AQAAjBLniKzlj5Y1MHPnlLXlvbHnvZGUajkBAACMCeiPnOiPnOm4oZRqOwEAAEsBajwBAACMC3d3dy41MHMub2NtlGo+AQAAjAw1MHPnlLXlvbHnvZGUakABAABopimBlH2UKGipjBJ3ZWJzaXRlX2ltZ3MvMS5naWaUaKuJaKyIaK1OdWJqRAEAAIwPMTI0MjEyMTRAcXEuY29tlGpGAQAAiGpHAQAASwBqSAEAAEsAakkBAABLAGpKAQAAjARzdG9wlGpMAQAASwBqTQEAAGgaQwoH4wcdERYoDKQ1lIWUUpRqUQEAAIwFMi4yLjKUdWJlaPOJaPSJaPUpaPaJaPd9lGj5aPto/E5o/YwFMi4yLjKUdWKMCXBhY2tfbGlzdJRdlCh9lCiMCXBhY2tfbmFtZZSMB2Fpb2h0dHCUjAhwYWNrX3ZlcpSMBTMuNS40lHV9lChqvgEAAIwEYW1xcJRqwAEAAIwFMS40LjmUdX2UKGq+AQAAjAdhbnlqc29ulGrAAQAAjAUwLjMuM5R1fZQoar4BAACMDWFzeW5jLXRpbWVvdXSUasABAACMBTMuMC4xlHV9lChqvgEAAIwFYXR0cnOUasABAACMBjE5LjEuMJR1fZQoar4BAACMBUJhYmVslGrAAQAAjAUyLjcuMJR1fZQoar4BAACMCGJpbGxpYXJklGrAAQAAjAgzLjMuMC4yM5R1fZQoar4BAACMBmNlbGVyeZRqwAEAAIwMMy4xLjI2LnBvc3QylHV9lChqvgEAAIwHY2VydGlmaZRqwAEAAIwJMjAxOS42LjE2lHV9lChqvgEAAIwHY2hhcmRldJRqwAEAAIwFMy4wLjSUdX2UKGq+AQAAjAZEamFuZ2+UasABAACMBTIuMi4ylHV9lChqvgEAAIwNZGphbmdvLWNlbGVyeZRqwAEAAIwFMy4yLjKUdX2UKGq+AQAAjAxkamFuZ28tcmVkaXOUasABAACMBjQuMTAuMJR1fZQoar4BAACMD2RqYW5nby1zaW1wbGV1aZRqwAEAAIwJMi4xLjQuNjE5lHV9lChqvgEAAIwTZGphbmdvcmVzdGZyYW1ld29ya5RqwAEAAIwGMy4xMC4xlHV9lChqvgEAAIwGZmxvd2VylGrAAQAAjAUwLjkuM5R1fZQoar4BAACMBGlkbmGUasABAACMAzIuOJR1fZQoar4BAACMCGlkbmEtc3NslGrAAQAAjAUxLjEuMJR1fZQoar4BAACMDWltcG9ydC1zdHJpbmeUasABAACMBTAuMS4wlHV9lChqvgEAAIwFa29tYnWUasABAACMBjMuMC4zN5R1fZQoar4BAACMBGx4bWyUasABAACMBTMuNy4ylHV9lChqvgEAAIwJbXVsdGlkaWN0lGrAAQAAjAU0LjUuMpR1fZQoar4BAACMC215c3FsY2xpZW50lGrAAQAAjAsxLjQuMi5wb3N0MZR1fZQoar4BAACMBlBpbGxvd5RqwAEAAIwFNi4wLjCUdX2UKGq+AQAAjAdQeU15U1FMlGrAAQAAjAUwLjkuM5R1fZQoar4BAACMBHB5dHqUasABAACMBjIwMTkuMZR1fZQoar4BAACMBXJlZGlzlGrAAQAAjAYyLjEwLjaUdX2UKGq+AQAAjAhyZXF1ZXN0c5RqwAEAAIwGMi4yMi4wlHV9lChqvgEAAIwDc2l4lGrAAQAAjAYxLjEyLjCUdX2UKGq+AQAAjAhzcWxwYXJzZZRqwAEAAIwFMC4zLjCUdX2UKGq+AQAAjAd0b3JuYWRvlGrAAQAAjAU1LjEuMZR1fZQoar4BAACMEXR5cGluZy1leHRlbnNpb25zlGrAAQAAjAUzLjcuNJR1fZQoar4BAACMB3VybGxpYjOUasABAACMBjEuMjUuM5R1fZQoar4BAACMBHlhcmyUasABAACMBTEuMy4wlHVljAtwcm94eV9jb3VudJRLAIwKcHJveHlfbGlzdJRoIymBlH2UKGgmaCeMBVByb3h5lJOUaCpOaCt9lGgtaDApgZR9lChoJmoqAgAAaDN9lIwJdmVpX3Byb3h5lEsAc2g2aDkpUpRqLwIAAGg9KYGUfZQoaEBqLwIAAGhBai8CAAB1YnNoQo+UaER9lGovAgAAXZRqLwIAAGFzaEeIaEiIaEmIaEqPlGhMiWhNiWhOKWhPaFIpgZR9lChoVV2UaHNodGh1iWhviXViaHZoUmh3Tmh4KWh5SwBoeks8aHuJaHwpaH2JaH6JaH+JaIApaIGJaIJLBWiDKWiETmiFTmiGTmiHTmiIiWiJKWiKTmiLTmiMTmiNKWiOKWiPaJCIhpRokn2UaJSJaJVOaJZ9lGiaai8CAAB1YmibXZRo84lo9Ilo9Slo9olo932UaPlo+2j8Tmj9jAUyLjIuMpR1YowNY29tbWVudHNfbGlzdJRoIymBlH2UKGgmaCeMCENvbW1lbnRzlJOUaCpOaCt9lGgtaDApgZR9lChoJmpEAgAAaDN9lIwMdmVpX2NvbW1lbnRzlEsAc2g2aDkpUpRqSQIAAGg9KYGUfZQoaEBqSQIAAGhBakkCAAB1YnNoQo+UaER9lGpJAgAAXZRqSQIAAGFzaEeIaEiIaEmIaEqPlGhMiWhNiWhOKWhPaFIpgZR9lChoVV2UaHNodGh1iWhviXViaHZoUmh3Tmh4ahMBAACFlGh5SwBoekseaHuJaHwpaH2JaH6JaH+JaIApaIGJaIJLBWiDKWiEaDkpUpRohU5ohk5oh05oiIloiSloik5oi05ojE5ojSlojiloj2iQiIaUaJJ9lGiUiWiVTmiWfZRommpJAgAAdWJom12UaPOJaPSJaPUpaPaJaPd9lGj5aPto/E5o/YwFMi4yLjKUdWKMEHNwaWRlcl90eXBlX2xpc3SUaCMpgZR9lChoJmgnaiQBAACTlGgqTmgrfZRoLWgwKYGUfZQoaCZqXwIAAGgzfZSMD3ZlaV9zcGlkZXJfdHlwZZRLAHNoNmg5KVKUamQCAABoPSmBlH2UKGhAamQCAABoQWpkAgAAdWJzaEKPlGhEfZRqZAIAAF2UamQCAABhc2hHiGhIiGhJiGhKj5RoTIloTYloTiloT2hSKYGUfZQoaFVdlGhzjANBTkSUaHWJaG+JdWJodmhSaHdOaHgpaHlLAGh6Tmh7iWh8KWh9iWh+iWh/iWiAKWiBiWiCSwVogylohE5ohU5ohk5oh05oiIloiSloik5oi05ojE5ojSlojilojyiRlIiGlGiSfZRolIlolU5oln2UaJpqZAIAAHViaJtdlChoBGgFaiQBAACGlIWUUpR9lCiMBl9zdGF0ZZRoDSmBlH2UKGgQiWgRjAdkZWZhdWx0lHVijAJpZJRLAYwEbmFtZZSMBueUteW9sZSMC2RhdGFfZm9ybWF0lFjfAQAACiAgICAgICAgWwoJewoJCSJtb3ZpZV9uYW1lIjoi5paX56C06IuN56m5IiwgICAgIyDnlLXlvbHlkI0KCQkibW92aWVfc2l6ZSI6IjEuM0ciLCAgICAjIOaWh+S7tuWkp+WwjwoJCSJ0aHVuZGVyX2xpbmsiOiJ0aHVuZGVyOi8vUVVGdFlXZHVaWFE2UDNoMFBYVnlianBpZEdsb09qa3lOVGN5TURZek5qSTROVVZDT0RCRU1VRkZNVGMxT0VNME56TXdRVEkwTVRJelFUbEZPRUZhV2c9PSIsICAgICAjIOi/hembt+mTvuaOpQoJCSJtb3ZpZV9vbmxpbmVfdmlld19hZGRyZXNzIjoiaHR0cHM6Ly9iaWxpLm1laWp1enVpZGEuY29tL3NoYXJlLzhhMjdjMmRkYzNkM2ZlNzRhYTAzN2Y0YjdkMjYyZTM0IiAgICAjIOWcqOe6v+ingueci+WcsOWdgAoJCSJzb3VyY2UiOiI4MHPnlLXlvbHnvZEiICAgICAgICMg6LWE5rqQ5p2l5rqQ572R56uZCgl9LAoJIyDms6jmhI/vvIzlsZ7mgKfojrflj5bkuI3liLDnmoTlv4XpobvloatudWxs77ybCl0KICAgICAgICCUjAhhZGRfdGltZZRoGkMKB+MHHRERAgRCQZSFlFKUjA9fZGphbmdvX3ZlcnNpb26UjAUyLjIuMpR1YmgEaAVqJAEAAIaUhZRSlH2UKGp5AgAAaA0pgZR9lChoEIloEWp8AgAAdWJqfQIAAEsCan4CAACMDOeZvuW6pue9keebmJRqgAIAAFgAAQAACiAgICAgICAgWwoJewoJCSJmaWxlX25hbWUiOiLlpI3ku4fogIXogZTnm58iLCAgICAgIyDmlofku7blkI0KCQkiZmlsZV9zaXplIjoiMTJNIiwgICAgICAjIOaWh+S7tuWkp+WwjwoJCSJmaWxlX2FkZHJlc3MiOiJodHRwczovL3Bhbi5iYWlkdS5jb20vbWJveC9ob21lcGFnZT9zaG9ydD1iMjByS2kiLCAgICAgICMg572R55uY5Zyw5Z2ACgkJInNvdXJjZSI6IuebmOWkmuWkmiIgICAgICAjIOi1hOa6kOadpea6kOe9keermQoJfSwKXQogICAgICAgIJRqggIAAGgaQwoH4wcdERECBEYplIWUUpRqhgIAAIwFMi4yLjKUdWJoBGgFaiQBAACGlIWUUpR9lChqeQIAAGgNKYGUfZQoaBCJaBFqfAIAAHVian0CAABLA2p+AgAAjAbpn7PkuZCUaoACAACM/wogICAgICAgIFsKCXsKCQkibXVzaWNfbmFtZSI6IuiDoeiQneWNnOmhuyIsICAgICAgICAj6Z+z5LmQ5ZCNCgkJIm11c2ljX3NpemUiOiIxMk0iLCAgICAgIyDmlofku7blpKflsI8KCQkibXVzaWNfc2luZ2VyIjoi6K645bWpIiwgICAgI+atjOaJiwoJCSJtdXNpY19kb3dubG9hZF9hZGRyZXNzIjoid3d3Lm11c2ljMjUzNi5jbi84MTIzODkyMzAyIiAgICAgICMg5LiL6L295Zyw5Z2ACgkJInNvdXJjZSI6InFx6Z+z5LmQIgoJfSwKXQogICAgICAgIJRqggIAAGgaQwoH4wcdERECBEYplIWUUpRqhgIAAIwFMi4yLjKUdWJoBGgFaiQBAACGlIWUUpR9lChqeQIAAGgNKYGUfZQoaBCJaBFqfAIAAHVian0CAABLBGp+AgAAjAbno4HlipuUaoACAABYfwEAAAogICAgICAgIFsKCXsKCQkibWFnbmV0X25hbWUiOiLljYPkuI7ljYPlr7siLCAgICAgICAgI+aWh+S7tuWQjQoJCSJtYWduZXRfc2l6ZSI6IjHjgII1RyIsICAgICAjIOaWh+S7tuWkp+WwjwoJCSJtYWduZXRfbGluayI6Im1hZ25ldDo/eHQ9dXJuOmJ0aWg6OTI1NzIwNjM2Mjg1RUI4MEQxQUUxNzU4QzQ3MzBBMjQxMjNBOUU4QSIsICAgICMg56OB5Yqb6ZO+5o6lCgkJInRodW5kZXJfbGluayI6InRodW5kZXI6Ly9RVUZ0WVdkdVpYUTZQM2gwUFhWeWJqcGlkR2xvT2preU5UY3lNRFl6TmpJNE5VVkNPREJFTVVGRk1UYzFPRU0wTnpNd1FUSTBNVEl6UVRsRk9FRmFXZz09IiAgICAgIyDov4Xpm7fpk77mjqUKCQkic291cmNlIjoiYnTkuIvovb0iCgkJCgl9LApdCiAgICAgICAglGqCAgAAaBpDCgfjBx0REQIERimUhZRSlGqGAgAAjAUyLjIuMpR1YmVo84lo9Ilo9Slo9olo932UaPlo+2j8Tmj9jAUyLjIuMpR1YowHdmVyY29kZZSMBFo2VDCUdS4=','2019-08-12 17:36:22.235451'),('is1l1swe08mju986lfmjcz94pwsmst1t','YjE3MGZiZTliNjhmYWE4YmE0ZGFhYTYzZWRiZGI0YjhiYjIyNmI5NDqABJXWFAAAAAAAAH2UKIwQc3BpZGVyX3R5cGVfbGlzdJSMFmRqYW5nby5kYi5tb2RlbHMucXVlcnmUjAhRdWVyeVNldJSTlCmBlH2UKIwFbW9kZWyUjAp2ZWkubW9kZWxzlIwLU3BpZGVyX3R5cGWUk5SMA19kYpROjAZfaGludHOUfZSMBXF1ZXJ5lIwaZGphbmdvLmRiLm1vZGVscy5zcWwucXVlcnmUjAVRdWVyeZSTlCmBlH2UKGgHaAqMDmFsaWFzX3JlZmNvdW50lH2UjA92ZWlfc3BpZGVyX3R5cGWUSwBzjAlhbGlhc19tYXCUjAtjb2xsZWN0aW9uc5SMC09yZGVyZWREaWN0lJOUKVKUaBaMI2RqYW5nby5kYi5tb2RlbHMuc3FsLmRhdGFzdHJ1Y3R1cmVzlIwJQmFzZVRhYmxllJOUKYGUfZQojAp0YWJsZV9uYW1llGgWjAt0YWJsZV9hbGlhc5RoFnVic4wQZXh0ZXJuYWxfYWxpYXNlc5SPlIwJdGFibGVfbWFwlH2UaBZdlGgWYXOMDGRlZmF1bHRfY29sc5SIjBBkZWZhdWx0X29yZGVyaW5nlIiMEXN0YW5kYXJkX29yZGVyaW5nlIiMDHVzZWRfYWxpYXNlc5SPlIwQZmlsdGVyX2lzX3N0aWNreZSJjAhzdWJxdWVyeZSJjAZzZWxlY3SUKYwFd2hlcmWUjBpkamFuZ28uZGIubW9kZWxzLnNxbC53aGVyZZSMCVdoZXJlTm9kZZSTlCmBlH2UKIwIY2hpbGRyZW6UXZSMCWNvbm5lY3RvcpSMA0FORJSMB25lZ2F0ZWSUiYwSY29udGFpbnNfYWdncmVnYXRllIl1YowLd2hlcmVfY2xhc3OUaDOMCGdyb3VwX2J5lE6MCG9yZGVyX2J5lCmMCGxvd19tYXJrlEsAjAloaWdoX21hcmuUTowIZGlzdGluY3SUiYwPZGlzdGluY3RfZmllbGRzlCmMEXNlbGVjdF9mb3JfdXBkYXRllImMGHNlbGVjdF9mb3JfdXBkYXRlX25vd2FpdJSJjB1zZWxlY3RfZm9yX3VwZGF0ZV9za2lwX2xvY2tlZJSJjBRzZWxlY3RfZm9yX3VwZGF0ZV9vZpQpjA5zZWxlY3RfcmVsYXRlZJSJjAltYXhfZGVwdGiUSwWMDXZhbHVlc19zZWxlY3SUKYwMX2Fubm90YXRpb25zlE6MFmFubm90YXRpb25fc2VsZWN0X21hc2uUTowYX2Fubm90YXRpb25fc2VsZWN0X2NhY2hllE6MCmNvbWJpbmF0b3KUTowOY29tYmluYXRvcl9hbGyUiYwQY29tYmluZWRfcXVlcmllc5QpjAZfZXh0cmGUTowRZXh0cmFfc2VsZWN0X21hc2uUTowTX2V4dHJhX3NlbGVjdF9jYWNoZZROjAxleHRyYV90YWJsZXOUKYwOZXh0cmFfb3JkZXJfYnmUKYwQZGVmZXJyZWRfbG9hZGluZ5QokZSIhpSME19maWx0ZXJlZF9yZWxhdGlvbnOUfZSMDWV4cGxhaW5fcXVlcnmUiYwOZXhwbGFpbl9mb3JtYXSUTowPZXhwbGFpbl9vcHRpb25zlH2UjApiYXNlX3RhYmxllGgWdWKMDV9yZXN1bHRfY2FjaGWUXZQojBVkamFuZ28uZGIubW9kZWxzLmJhc2WUjA5tb2RlbF91bnBpY2tsZZSTlIwDdmVplGgJhpSFlFKUfZQojAZfc3RhdGWUaGGMCk1vZGVsU3RhdGWUk5QpgZR9lCiMBmFkZGluZ5SJjAJkYpSMB2RlZmF1bHSUdWKMAmlklEsBjARuYW1llIwG55S15b2xlIwLZGF0YV9mb3JtYXSUWN8BAAAKICAgICAgICBbCgl7CgkJIm1vdmllX25hbWUiOiLmlpfnoLToi43nqbkiLCAgICAjIOeUteW9seWQjQoJCSJtb3ZpZV9zaXplIjoiMS4zRyIsICAgICMg5paH5Lu25aSn5bCPCgkJInRodW5kZXJfbGluayI6InRodW5kZXI6Ly9RVUZ0WVdkdVpYUTZQM2gwUFhWeWJqcGlkR2xvT2preU5UY3lNRFl6TmpJNE5VVkNPREJFTVVGRk1UYzFPRU0wTnpNd1FUSTBNVEl6UVRsRk9FRmFXZz09IiwgICAgICMg6L+F6Zu36ZO+5o6lCgkJIm1vdmllX29ubGluZV92aWV3X2FkZHJlc3MiOiJodHRwczovL2JpbGkubWVpanV6dWlkYS5jb20vc2hhcmUvOGEyN2MyZGRjM2QzZmU3NGFhMDM3ZjRiN2QyNjJlMzQiICAgICMg5Zyo57q/6KeC55yL5Zyw5Z2ACgkJInNvdXJjZSI6Ijgwc+eUteW9see9kSIgICAgICAgIyDotYTmupDmnaXmupDnvZHnq5kKCX0sCgkjIOazqOaEj++8jOWxnuaAp+iOt+WPluS4jeWIsOeahOW/hemhu+Whq251bGzvvJsKXQogICAgICAgIJSMCGFkZF90aW1llIwIZGF0ZXRpbWWUjAhkYXRldGltZZSTlEMKB+MHHRERAgRCQZSFlFKUjA9fZGphbmdvX3ZlcnNpb26UjAUyLjIuMpR1YmhjaGRoCYaUhZRSlH2UKGhpaGspgZR9lChobolob2hwdWJocUsCaHKMDOeZvuW6pue9keebmJRodFgAAQAACiAgICAgICAgWwoJewoJCSJmaWxlX25hbWUiOiLlpI3ku4fogIXogZTnm58iLCAgICAgIyDmlofku7blkI0KCQkiZmlsZV9zaXplIjoiMTJNIiwgICAgICAjIOaWh+S7tuWkp+WwjwoJCSJmaWxlX2FkZHJlc3MiOiJodHRwczovL3Bhbi5iYWlkdS5jb20vbWJveC9ob21lcGFnZT9zaG9ydD1iMjByS2kiLCAgICAgICMg572R55uY5Zyw5Z2ACgkJInNvdXJjZSI6IuebmOWkmuWkmiIgICAgICAjIOi1hOa6kOadpea6kOe9keermQoJfSwKXQogICAgICAgIJRodmh5QwoH4wcdERECBEYplIWUUpRofYwFMi4yLjKUdWJoY2hkaAmGlIWUUpR9lChoaWhrKYGUfZQoaG6JaG9ocHViaHFLA2hyjAbpn7PkuZCUaHSM/wogICAgICAgIFsKCXsKCQkibXVzaWNfbmFtZSI6IuiDoeiQneWNnOmhuyIsICAgICAgICAj6Z+z5LmQ5ZCNCgkJIm11c2ljX3NpemUiOiIxMk0iLCAgICAgIyDmlofku7blpKflsI8KCQkibXVzaWNfc2luZ2VyIjoi6K645bWpIiwgICAgI+atjOaJiwoJCSJtdXNpY19kb3dubG9hZF9hZGRyZXNzIjoid3d3Lm11c2ljMjUzNi5jbi84MTIzODkyMzAyIiAgICAgICMg5LiL6L295Zyw5Z2ACgkJInNvdXJjZSI6InFx6Z+z5LmQIgoJfSwKXQogICAgICAgIJRodmh5QwoH4wcdERECBEYplIWUUpRofYwFMi4yLjKUdWJoY2hkaAmGlIWUUpR9lChoaWhrKYGUfZQoaG6JaG9ocHViaHFLBGhyjAbno4HlipuUaHRYfwEAAAogICAgICAgIFsKCXsKCQkibWFnbmV0X25hbWUiOiLljYPkuI7ljYPlr7siLCAgICAgICAgI+aWh+S7tuWQjQoJCSJtYWduZXRfc2l6ZSI6IjHjgII1RyIsICAgICAjIOaWh+S7tuWkp+WwjwoJCSJtYWduZXRfbGluayI6Im1hZ25ldDo/eHQ9dXJuOmJ0aWg6OTI1NzIwNjM2Mjg1RUI4MEQxQUUxNzU4QzQ3MzBBMjQxMjNBOUU4QSIsICAgICMg56OB5Yqb6ZO+5o6lCgkJInRodW5kZXJfbGluayI6InRodW5kZXI6Ly9RVUZ0WVdkdVpYUTZQM2gwUFhWeWJqcGlkR2xvT2preU5UY3lNRFl6TmpJNE5VVkNPREJFTVVGRk1UYzFPRU0wTnpNd1FUSTBNVEl6UVRsRk9FRmFXZz09IiAgICAgIyDov4Xpm7fpk77mjqUKCQkic291cmNlIjoiYnTkuIvovb0iCgkJCgl9LApdCiAgICAgICAglGh2aHlDCgfjBx0REQIERimUhZRSlGh9jAUyLjIuMpR1YmWMDl9zdGlja3lfZmlsdGVylImMCl9mb3Jfd3JpdGWUiYwZX3ByZWZldGNoX3JlbGF0ZWRfbG9va3Vwc5QpjA5fcHJlZmV0Y2hfZG9uZZSJjBZfa25vd25fcmVsYXRlZF9vYmplY3RzlH2UjA9faXRlcmFibGVfY2xhc3OUaAKMDU1vZGVsSXRlcmFibGWUk5SMB19maWVsZHOUTowPX2RqYW5nb192ZXJzaW9ulIwFMi4yLjKUdWKMC3NwaWRlcl9saXN0lGgEKYGUfZQoaAdoCIwGU3BpZGVylJOUaAtOaAx9lGgOaBEpgZR9lChoB2izaBR9lIwKdmVpX3NwaWRlcpRLAHNoF2gaKVKUaLhoHimBlH2UKGghaLhoImi4dWJzaCOPlGglfZRouF2UaLhhc2goiGgpiGgqiGgrj5RoLYloLoloLyloMGgzKYGUfZQoaDZdlGg4aDloOoloO4l1Ymg8aDNoPU5oPowJLWFkZF90aW1llIWUaD9LAGhATmhBiWhCKWhDiWhEiWhFiWhGKWhHiWhISwVoSSloSmgaKVKUaEtOaExOaE1OaE6JaE8paFBOaFFOaFJOaFMpaFQpaFVoVoiGlGhYfZRoWoloW05oXH2UaF5ouHViaF9dlGijiWikiWilKWimiWinfZRoqWiraKxOaK2MBTIuMi4ylHVijAlwYWNrX2xpc3SUXZQofZQojAlwYWNrX25hbWWUjAdhaW9odHRwlIwIcGFja192ZXKUjAUzLjUuNJR1fZQoaM+MBGFtcXCUaNGMBTEuNC45lHV9lChoz4wHYW55anNvbpRo0YwFMC4zLjOUdX2UKGjPjA1hc3luYy10aW1lb3V0lGjRjAUzLjAuMZR1fZQoaM+MBWF0dHJzlGjRjAYxOS4xLjCUdX2UKGjPjAVCYWJlbJRo0YwFMi43LjCUdX2UKGjPjAhiaWxsaWFyZJRo0YwIMy4zLjAuMjOUdX2UKGjPjAZjZWxlcnmUaNGMDDMuMS4yNi5wb3N0MpR1fZQoaM+MB2NlcnRpZmmUaNGMCTIwMTkuNi4xNpR1fZQoaM+MB2NoYXJkZXSUaNGMBTMuMC40lHV9lChoz4wGRGphbmdvlGjRjAUyLjIuMpR1fZQoaM+MDWRqYW5nby1jZWxlcnmUaNGMBTMuMi4ylHV9lChoz4wMZGphbmdvLXJlZGlzlGjRjAY0LjEwLjCUdX2UKGjPjA9kamFuZ28tc2ltcGxldWmUaNGMCTIuMS40LjYxOZR1fZQoaM+ME2RqYW5nb3Jlc3RmcmFtZXdvcmuUaNGMBjMuMTAuMZR1fZQoaM+MBmZsb3dlcpRo0YwFMC45LjOUdX2UKGjPjARpZG5hlGjRjAMyLjiUdX2UKGjPjAhpZG5hLXNzbJRo0YwFMS4xLjCUdX2UKGjPjA1pbXBvcnQtc3RyaW5nlGjRjAUwLjEuMJR1fZQoaM+MBWtvbWJ1lGjRjAYzLjAuMzeUdX2UKGjPjARseG1slGjRjAUzLjcuMpR1fZQoaM+MCW11bHRpZGljdJRo0YwFNC41LjKUdX2UKGjPjAtteXNxbGNsaWVudJRo0YwLMS40LjIucG9zdDGUdX2UKGjPjAZQaWxsb3eUaNGMBTYuMC4wlHV9lChoz4wHUHlNeVNRTJRo0YwFMC45LjOUdX2UKGjPjARweXR6lGjRjAYyMDE5LjGUdX2UKGjPjAVyZWRpc5Ro0YwGMi4xMC42lHV9lChoz4wIcmVxdWVzdHOUaNGMBjIuMjIuMJR1fZQoaM+MA3NpeJRo0YwGMS4xMi4wlHV9lChoz4wIc3FscGFyc2WUaNGMBTAuMy4wlHV9lChoz4wHdG9ybmFkb5Ro0YwFNS4xLjGUdX2UKGjPjBF0eXBpbmctZXh0ZW5zaW9uc5Ro0YwFMy43LjSUdX2UKGjPjAd1cmxsaWIzlGjRjAYxLjI1LjOUdX2UKGjPjAR5YXJslGjRjAUxLjMuMJR1ZYwKcHJveHlfbGlzdJRoBCmBlH2UKGgHaAiMBVByb3h5lJOUaAtOaAx9lGgOaBEpgZR9lChoB2o6AQAAaBR9lIwJdmVpX3Byb3h5lEsAc2gXaBopUpRqPwEAAGgeKYGUfZQoaCFqPwEAAGgiaj8BAAB1YnNoI4+UaCV9lGo/AQAAXZRqPwEAAGFzaCiIaCmIaCqIaCuPlGgtiWguiWgvKWgwaDMpgZR9lChoNl2UaDhoOWg6iWg7iXViaDxoM2g9Tmg+aMOFlGg/SwBoQEs8aEGJaEIpaEOJaESJaEWJaEYpaEeJaEhLBWhJKWhKaBopUpRoS05oTE5oTU5oToloTyloUE5oUU5oUk5oUyloVCloVWhWiIaUaFh9lGhaiWhbTmhcfZRoXmo/AQAAdWJoX12UaKOJaKSJaKUpaKaJaKd9lGipaKtorE5orYwFMi4yLjKUdWKMDWNvbW1lbnRzX2xpc3SUaAQpgZR9lChoB2gIjAhDb21tZW50c5STlGgLTmgMfZRoDmgRKYGUfZQoaAdqVgEAAGgUfZSMDHZlaV9jb21tZW50c5RLAHNoF2gaKVKUalsBAABoHimBlH2UKGghalsBAABoImpbAQAAdWJzaCOPlGglfZRqWwEAAF2UalsBAABhc2goiGgpiGgqiGgrj5RoLYloLoloLyloMGgzKYGUfZQoaDZdlGg4aDloOoloO4l1Ymg8aDNoPU5oPmjDhZRoP0sAaEBLHmhBiWhCKWhDiWhEiWhFiWhGKWhHiWhISwVoSSloSmgaKVKUaEtOaExOaE1OaE6JaE8paFBOaFFOaFJOaFMpaFQpaFVoVoiGlGhYfZRoWoloW05oXH2UaF5qWwEAAHViaF9dlGijiWikiWilKWimiWinfZRoqWiraKxOaK2MBTIuMi4ylHVijAd2ZXJjb2RllIwEQ1Z1NJR1Lg==','2019-08-12 17:18:43.530896'),('nc0qkjqf1ifv7lhed2zban55fj77cvih','MzA1YzYxYWIxZTZkNDYwNmU4MDc4NjQ4NjQ3MjA3ODA0OWYzZDdmNzqABJUpKwAAAAAAAH2UKIwJYnJvYWRjYXN0lIwVZGphbmdvLmRiLm1vZGVscy5iYXNllIwObW9kZWxfdW5waWNrbGWUk5SMA3ZlaZSMCUJyb2FkY2FzdJSGlIWUUpR9lCiMBl9zdGF0ZZRoAowKTW9kZWxTdGF0ZZSTlCmBlH2UKIwGYWRkaW5nlImMAmRilIwHZGVmYXVsdJR1YowCaWSUSwGMDGNhc3RfY29udGVudJSMe+aIkeS7rOS4jeeUn+S6p+i1hOa6kO+8jOaIkeS7rOS4jeWtmOWCqOi1hOa6kO+8jOaIkeS7rOS4jeaYr+i1hOa6kOeahOaQrOi/kOW3pe+8jOaIkeS7rOWPquaYr+S4uuaQrOi/kOW3peaPkOS+m+S6huS9j+aJgOOAgpSMB2lzX3VzZWSUiIwIYWRkX3RpbWWUjAhkYXRldGltZZSMCGRhdGV0aW1llJOUQwoH4wcdEREAAAAAlIWUUpSMD19kamFuZ29fdmVyc2lvbpSMBTIuMi4ylHVijA5zaHVmZmxpbmdfbGlzdJSMFmRqYW5nby5kYi5tb2RlbHMucXVlcnmUjAhRdWVyeVNldJSTlCmBlH2UKIwFbW9kZWyUjAp2ZWkubW9kZWxzlIwJU2h1ZmZsaW5nlJOUjANfZGKUTowGX2hpbnRzlH2UjAVxdWVyeZSMGmRqYW5nby5kYi5tb2RlbHMuc3FsLnF1ZXJ5lIwFUXVlcnmUk5QpgZR9lChoJmgpjA5hbGlhc19yZWZjb3VudJR9lIwNdmVpX3NodWZmbGluZ5RLAXOMCWFsaWFzX21hcJSMC2NvbGxlY3Rpb25zlIwLT3JkZXJlZERpY3SUk5QpUpRoNYwjZGphbmdvLmRiLm1vZGVscy5zcWwuZGF0YXN0cnVjdHVyZXOUjAlCYXNlVGFibGWUk5QpgZR9lCiMCnRhYmxlX25hbWWUaDWMC3RhYmxlX2FsaWFzlGg1dWJzjBBleHRlcm5hbF9hbGlhc2VzlI+UjAl0YWJsZV9tYXCUfZRoNV2UaDVhc4wMZGVmYXVsdF9jb2xzlIiMEGRlZmF1bHRfb3JkZXJpbmeUiIwRc3RhbmRhcmRfb3JkZXJpbmeUiIwMdXNlZF9hbGlhc2VzlI+UjBBmaWx0ZXJfaXNfc3RpY2t5lImMCHN1YnF1ZXJ5lImMBnNlbGVjdJQpjAV3aGVyZZSMGmRqYW5nby5kYi5tb2RlbHMuc3FsLndoZXJllIwJV2hlcmVOb2RllJOUKYGUfZQojAhjaGlsZHJlbpRdlIwYZGphbmdvLmRiLm1vZGVscy5sb29rdXBzlIwFRXhhY3SUk5QpgZR9lCiMA2xoc5SMHGRqYW5nby5kYi5tb2RlbHMuZXhwcmVzc2lvbnOUjANDb2yUk5QpgZR9lCiMEV9jb25zdHJ1Y3Rvcl9hcmdzlGg1jBdkamFuZ28uZGIubW9kZWxzLmZpZWxkc5SMC19sb2FkX2ZpZWxklJOUaAVoKIwHaXNfdXNlZJSHlFKUhpR9lIaUjAxvdXRwdXRfZmllbGSUaGiMBWFsaWFzlGg1jAZ0YXJnZXSUaGiMEmNvbnRhaW5zX2FnZ3JlZ2F0ZZSJdWKMA3Joc5SIjBRiaWxhdGVyYWxfdHJhbnNmb3Jtc5RdlGhviXViYYwJY29ubmVjdG9ylIwDQU5ElIwHbmVnYXRlZJSJaG+JdWKMC3doZXJlX2NsYXNzlGhSjAhncm91cF9ieZROjAhvcmRlcl9ieZQpjAhsb3dfbWFya5RLAIwJaGlnaF9tYXJrlEsGjAhkaXN0aW5jdJSJjA9kaXN0aW5jdF9maWVsZHOUKYwRc2VsZWN0X2Zvcl91cGRhdGWUiYwYc2VsZWN0X2Zvcl91cGRhdGVfbm93YWl0lImMHXNlbGVjdF9mb3JfdXBkYXRlX3NraXBfbG9ja2VklImMFHNlbGVjdF9mb3JfdXBkYXRlX29mlCmMDnNlbGVjdF9yZWxhdGVklImMCW1heF9kZXB0aJRLBYwNdmFsdWVzX3NlbGVjdJQpjAxfYW5ub3RhdGlvbnOUTowWYW5ub3RhdGlvbl9zZWxlY3RfbWFza5ROjBhfYW5ub3RhdGlvbl9zZWxlY3RfY2FjaGWUTowKY29tYmluYXRvcpROjA5jb21iaW5hdG9yX2FsbJSJjBBjb21iaW5lZF9xdWVyaWVzlCmMBl9leHRyYZROjBFleHRyYV9zZWxlY3RfbWFza5ROjBNfZXh0cmFfc2VsZWN0X2NhY2hllE6MDGV4dHJhX3RhYmxlc5QpjA5leHRyYV9vcmRlcl9ieZQpjBBkZWZlcnJlZF9sb2FkaW5nlCiRlIiGlIwTX2ZpbHRlcmVkX3JlbGF0aW9uc5R9lIwNZXhwbGFpbl9xdWVyeZSJjA5leHBsYWluX2Zvcm1hdJROjA9leHBsYWluX29wdGlvbnOUfZSMDV9sb29rdXBfam9pbnOUXZRoNWGMCmJhc2VfdGFibGWUaDV1YowNX3Jlc3VsdF9jYWNoZZRdlIwOX3N0aWNreV9maWx0ZXKUiYwKX2Zvcl93cml0ZZSJjBlfcHJlZmV0Y2hfcmVsYXRlZF9sb29rdXBzlCmMDl9wcmVmZXRjaF9kb25llImMFl9rbm93bl9yZWxhdGVkX29iamVjdHOUfZSMD19pdGVyYWJsZV9jbGFzc5RoIYwNTW9kZWxJdGVyYWJsZZSTlIwHX2ZpZWxkc5ROjA9fZGphbmdvX3ZlcnNpb26UjAUyLjIuMpR1YowLc3BpZGVyX2xpc3SUaCMpgZR9lChoJmgnjAZTcGlkZXKUk5RoKk5oK32UaC1oMCmBlH2UKGgmaK1oM32UjAp2ZWlfc3BpZGVylEsAc2g2aDkpUpRosmg9KYGUfZQoaEBosmhBaLJ1YnNoQo+UaER9lGiyXZRosmFzaEeIaEiIaEmIaEqPlGhMiWhNiWhOKWhPaFIpgZR9lChoVV2UaHNodGh1iWhviXViaHZoUmh3Tmh4jAktYWRkX3RpbWWUhZRoeUsAaHpOaHuJaHwpaH2JaH6JaH+JaIApaIGJaIJLBWiDKWiEaDkpUpRohU5ohk5oh05oiIloiSloik5oi05ojE5ojSlojiloj2iQiIaUaJJ9lGiUiWiVTmiWfZRommiydWJom12UKGgEaAVorIaUhZRSlH2UKIwGX3N0YXRllGgNKYGUfZQoaBCJaBFoEowMZmllbGRzX2NhY2hllH2UjAtzcGlkZXJfdHlwZZRoBGgFjAtTcGlkZXJfdHlwZZSGlIWUUpR9lChoC2gNKYGUfZQoaBCJaBFoEnViaBNLAYwEbmFtZZSMBueUteW9sZSMC2RhdGFfZm9ybWF0lFjfAQAACiAgICAgICAgWwoJewoJCSJtb3ZpZV9uYW1lIjoi5paX56C06IuN56m5IiwgICAgIyDnlLXlvbHlkI0KCQkibW92aWVfc2l6ZSI6IjEuM0ciLCAgICAjIOaWh+S7tuWkp+WwjwoJCSJ0aHVuZGVyX2xpbmsiOiJ0aHVuZGVyOi8vUVVGdFlXZHVaWFE2UDNoMFBYVnlianBpZEdsb09qa3lOVGN5TURZek5qSTROVVZDT0RCRU1VRkZNVGMxT0VNME56TXdRVEkwTVRJelFUbEZPRUZhV2c9PSIsICAgICAjIOi/hembt+mTvuaOpQoJCSJtb3ZpZV9vbmxpbmVfdmlld19hZGRyZXNzIjoiaHR0cHM6Ly9iaWxpLm1laWp1enVpZGEuY29tL3NoYXJlLzhhMjdjMmRkYzNkM2ZlNzRhYTAzN2Y0YjdkMjYyZTM0IiAgICAjIOWcqOe6v+ingueci+WcsOWdgAoJCSJzb3VyY2UiOiI4MHPnlLXlvbHnvZEiICAgICAgICMg6LWE5rqQ5p2l5rqQ572R56uZCgl9LAoJIyDms6jmhI/vvIzlsZ7mgKfojrflj5bkuI3liLDnmoTlv4XpobvloatudWxs77ybCl0KICAgICAgICCUaBdoGkMKB+MHHRERAgRCQZSFlFKUaB6MBTIuMi4ylHVic3VijAJpZJRLBIwEbmFtZZSMDVNwaWRlcl84MHMucHmUjAdjb250ZW50lIwac3BpZGVyX2ZpbGVzL1NwaWRlcl84MHMucHmUjBJmdW5jdGlvbl9pbnRyb2R1Y2WUjAnpmL/okKjovr6UjAZhdXRob3KUjAblsI/nuqKUjA5zcGlkZXJfdHlwZV9pZJRLAYwPd2Vic2l0ZV9hZGRyZXNzlIwKd3d3Ljgwcy5sYZSMDHdlYnNpdGVfbmFtZZSMDDgwc+eUteW9see9kZSMC3dlYnNpdGVfaW1nlIwdZGphbmdvLmRiLm1vZGVscy5maWVsZHMuZmlsZXOUjA5JbWFnZUZpZWxkRmlsZZSTlCmBlH2UKGjejBR3ZWJzaXRlX2ltZ3MvODBzLnBuZ5SMBmNsb3NlZJSJjApfY29tbWl0dGVklIiMBV9maWxllE51YowMYXV0aG9yX2VtYWlslIwSMTIzMTczMjY4MTdAcXEuY29tlIwNYWxsb3dlZF9lbWFpbJSIjAh2aWV3X251bZRLAIwIbGlrZV9udW2USwCMDGNvbW1lbnRzX251bZRLAIwNc3BpZGVyX3N0YXR1c5SMBHN0b3CUjAllcnJvcl9udW2USwCMCGFkZF90aW1llGgaQwoH4wcdERoVBh69lIWUUpSMD19kamFuZ29fdmVyc2lvbpSMBTIuMi4ylHViaARoBWishpSFlFKUfZQoaMhoDSmBlH2UKGgQiWgRaBJoy32UaM1oBGgFaM6GlIWUUpR9lChoC2gNKYGUfZQoaBCJaBFoEnViaBNLAWjVjAbnlLXlvbGUaNdY3wEAAAogICAgICAgIFsKCXsKCQkibW92aWVfbmFtZSI6IuaWl+egtOiLjeepuSIsICAgICMg55S15b2x5ZCNCgkJIm1vdmllX3NpemUiOiIxLjNHIiwgICAgIyDmlofku7blpKflsI8KCQkidGh1bmRlcl9saW5rIjoidGh1bmRlcjovL1FVRnRZV2R1WlhRNlAzaDBQWFZ5YmpwaWRHbG9Pamt5TlRjeU1EWXpOakk0TlVWQ09EQkVNVUZGTVRjMU9FTTBOek13UVRJME1USXpRVGxGT0VGYVdnPT0iLCAgICAgIyDov4Xpm7fpk77mjqUKCQkibW92aWVfb25saW5lX3ZpZXdfYWRkcmVzcyI6Imh0dHBzOi8vYmlsaS5tZWlqdXp1aWRhLmNvbS9zaGFyZS84YTI3YzJkZGMzZDNmZTc0YWEwMzdmNGI3ZDI2MmUzNCIgICAgIyDlnKjnur/op4LnnIvlnLDlnYAKCQkic291cmNlIjoiODBz55S15b2x572RIiAgICAgICAjIOi1hOa6kOadpea6kOe9keermQoJfSwKCSMg5rOo5oSP77yM5bGe5oCn6I635Y+W5LiN5Yiw55qE5b+F6aG75aGrbnVsbO+8mwpdCiAgICAgICAglGgXaBpDCgfjBx0REQIEQkGUhZRSlGgejAUyLjIuMpR1YnN1YmjdSwNo3owNU3BpZGVyXzcwcy5weZRo4Iwac3BpZGVyX2ZpbGVzL1NwaWRlcl83MHMucHmUaOKMCGFkYXNkYXNklGjkjAnlsI/on5Lom4eUaOZLAWjnjAp3d3cuNzBzLmxhlGjpjAk3MHPnlLXlvbGUaOto7imBlH2UKGjejBJ3ZWJzaXRlX2ltZ3MvOS5naWaUaPKJaPOIaPROdWJo9YwSMTIzMTczMjY4MTdAcXEuY29tlGj3iWj4SwBo+UsAaPpLAGj7jARzdG9wlGj9SwBo/mgaQwoH4wcdERkPAXQ8lIWUUpRqAgEAAIwFMi4yLjKUdWJoBGgFaKyGlIWUUpR9lChoyGgNKYGUfZQoaBCJaBFoEmjLfZRozWgEaAVozoaUhZRSlH2UKGgLaA0pgZR9lChoEIloEWgSdWJoE0sBaNWMBueUteW9sZRo11jfAQAACiAgICAgICAgWwoJewoJCSJtb3ZpZV9uYW1lIjoi5paX56C06IuN56m5IiwgICAgIyDnlLXlvbHlkI0KCQkibW92aWVfc2l6ZSI6IjEuM0ciLCAgICAjIOaWh+S7tuWkp+WwjwoJCSJ0aHVuZGVyX2xpbmsiOiJ0aHVuZGVyOi8vUVVGdFlXZHVaWFE2UDNoMFBYVnlianBpZEdsb09qa3lOVGN5TURZek5qSTROVVZDT0RCRU1VRkZNVGMxT0VNME56TXdRVEkwTVRJelFUbEZPRUZhV2c9PSIsICAgICAjIOi/hembt+mTvuaOpQoJCSJtb3ZpZV9vbmxpbmVfdmlld19hZGRyZXNzIjoiaHR0cHM6Ly9iaWxpLm1laWp1enVpZGEuY29tL3NoYXJlLzhhMjdjMmRkYzNkM2ZlNzRhYTAzN2Y0YjdkMjYyZTM0IiAgICAjIOWcqOe6v+ingueci+WcsOWdgAoJCSJzb3VyY2UiOiI4MHPnlLXlvbHnvZEiICAgICAgICMg6LWE5rqQ5p2l5rqQ572R56uZCgl9LAoJIyDms6jmhI/vvIzlsZ7mgKfojrflj5bkuI3liLDnmoTlv4XpobvloatudWxs77ybCl0KICAgICAgICCUaBdoGkMKB+MHHRERAgRCQZSFlFKUaB6MBTIuMi4ylHVic3ViaN1LAmjejA1TcGlkZXJfNjBzLnB5lGjgjBpzcGlkZXJfZmlsZXMvU3BpZGVyXzYwcy5weZRo4owJYXNkYXNkYXNklGjkjAblsI/mmI6UaOZLAWjnjAt3d3cuNjBzLmNvbZRo6YwMNjBz55S15b2x572RlGjraO4pgZR9lCho3owSd2Vic2l0ZV9pbWdzLzUuZ2lmlGjyiWjziGj0TnViaPWMETIzMTczMjY4MTdAcXEuY29tlGj3iGj4SwBo+UsAaPpLAGj7jARzdG9wlGj9SwBo/mgaQwoH4wcdERcjDSWxlIWUUpRqAgEAAIwFMi4yLjKUdWJoBGgFaKyGlIWUUpR9lChoyGgNKYGUfZQoaBCJaBFoEmjLfZRozWgEaAVozoaUhZRSlH2UKGgLaA0pgZR9lChoEIloEWgSdWJoE0sBaNWMBueUteW9sZRo11jfAQAACiAgICAgICAgWwoJewoJCSJtb3ZpZV9uYW1lIjoi5paX56C06IuN56m5IiwgICAgIyDnlLXlvbHlkI0KCQkibW92aWVfc2l6ZSI6IjEuM0ciLCAgICAjIOaWh+S7tuWkp+WwjwoJCSJ0aHVuZGVyX2xpbmsiOiJ0aHVuZGVyOi8vUVVGdFlXZHVaWFE2UDNoMFBYVnlianBpZEdsb09qa3lOVGN5TURZek5qSTROVVZDT0RCRU1VRkZNVGMxT0VNME56TXdRVEkwTVRJelFUbEZPRUZhV2c9PSIsICAgICAjIOi/hembt+mTvuaOpQoJCSJtb3ZpZV9vbmxpbmVfdmlld19hZGRyZXNzIjoiaHR0cHM6Ly9iaWxpLm1laWp1enVpZGEuY29tL3NoYXJlLzhhMjdjMmRkYzNkM2ZlNzRhYTAzN2Y0YjdkMjYyZTM0IiAgICAjIOWcqOe6v+ingueci+WcsOWdgAoJCSJzb3VyY2UiOiI4MHPnlLXlvbHnvZEiICAgICAgICMg6LWE5rqQ5p2l5rqQ572R56uZCgl9LAoJIyDms6jmhI/vvIzlsZ7mgKfojrflj5bkuI3liLDnmoTlv4XpobvloatudWxs77ybCl0KICAgICAgICCUaBdoGkMKB+MHHRERAgRCQZSFlFKUaB6MBTIuMi4ylHVic3ViaN1LAWjejA1TcGlkZXJfNTBzLnB5lGjgjBpzcGlkZXJfZmlsZXMvU3BpZGVyXzUwcy5weZRo4owS54is5Y+WNTBz55S15b2x572RlGjkjAnoj5zoj5zpuKGUaOZLAWjnjAt3d3cuNTBzLm9jbZRo6YwMNTBz55S15b2x572RlGjraO4pgZR9lCho3owSd2Vic2l0ZV9pbWdzLzEuZ2lmlGjyiWjziGj0TnViaPWMDzEyNDIxMjE0QHFxLmNvbZRo94ho+EsAaPlLAGj6SwBo+4wEc3RvcJRo/UsAaP5oGkMKB+MHHREWKAykNZSFlFKUagIBAACMBTIuMi4ylHViZWidiWieiWifKWigiWihfZRoo2ilaKZOaKeMBTIuMi4ylHVijAlwYWNrX2xpc3SUXZQofZQojAlwYWNrX25hbWWUjAdhaW9odHRwlIwIcGFja192ZXKUjAUzLjUuNJR1fZQoam8BAACMBGFtcXCUanEBAACMBTEuNC45lHV9lChqbwEAAIwHYW55anNvbpRqcQEAAIwFMC4zLjOUdX2UKGpvAQAAjA1hc3luYy10aW1lb3V0lGpxAQAAjAUzLjAuMZR1fZQoam8BAACMBWF0dHJzlGpxAQAAjAYxOS4xLjCUdX2UKGpvAQAAjAVCYWJlbJRqcQEAAIwFMi43LjCUdX2UKGpvAQAAjAhiaWxsaWFyZJRqcQEAAIwIMy4zLjAuMjOUdX2UKGpvAQAAjAZjZWxlcnmUanEBAACMDDMuMS4yNi5wb3N0MpR1fZQoam8BAACMB2NlcnRpZmmUanEBAACMCTIwMTkuNi4xNpR1fZQoam8BAACMB2NoYXJkZXSUanEBAACMBTMuMC40lHV9lChqbwEAAIwGRGphbmdvlGpxAQAAjAUyLjIuMpR1fZQoam8BAACMDWRqYW5nby1jZWxlcnmUanEBAACMBTMuMi4ylHV9lChqbwEAAIwMZGphbmdvLXJlZGlzlGpxAQAAjAY0LjEwLjCUdX2UKGpvAQAAjA9kamFuZ28tc2ltcGxldWmUanEBAACMCTIuMS40LjYxOZR1fZQoam8BAACME2RqYW5nb3Jlc3RmcmFtZXdvcmuUanEBAACMBjMuMTAuMZR1fZQoam8BAACMBmZsb3dlcpRqcQEAAIwFMC45LjOUdX2UKGpvAQAAjARpZG5hlGpxAQAAjAMyLjiUdX2UKGpvAQAAjAhpZG5hLXNzbJRqcQEAAIwFMS4xLjCUdX2UKGpvAQAAjA1pbXBvcnQtc3RyaW5nlGpxAQAAjAUwLjEuMJR1fZQoam8BAACMBWtvbWJ1lGpxAQAAjAYzLjAuMzeUdX2UKGpvAQAAjARseG1slGpxAQAAjAUzLjcuMpR1fZQoam8BAACMCW11bHRpZGljdJRqcQEAAIwFNC41LjKUdX2UKGpvAQAAjAtteXNxbGNsaWVudJRqcQEAAIwLMS40LjIucG9zdDGUdX2UKGpvAQAAjAZQaWxsb3eUanEBAACMBTYuMC4wlHV9lChqbwEAAIwHUHlNeVNRTJRqcQEAAIwFMC45LjOUdX2UKGpvAQAAjARweXR6lGpxAQAAjAYyMDE5LjGUdX2UKGpvAQAAjAVyZWRpc5RqcQEAAIwGMi4xMC42lHV9lChqbwEAAIwIcmVxdWVzdHOUanEBAACMBjIuMjIuMJR1fZQoam8BAACMA3NpeJRqcQEAAIwGMS4xMi4wlHV9lChqbwEAAIwIc3FscGFyc2WUanEBAACMBTAuMy4wlHV9lChqbwEAAIwHdG9ybmFkb5RqcQEAAIwFNS4xLjGUdX2UKGpvAQAAjBF0eXBpbmctZXh0ZW5zaW9uc5RqcQEAAIwFMy43LjSUdX2UKGpvAQAAjAd1cmxsaWIzlGpxAQAAjAYxLjI1LjOUdX2UKGpvAQAAjAR5YXJslGpxAQAAjAUxLjMuMJR1ZYwLcHJveHlfY291bnSUSwCMCnByb3h5X2xpc3SUaCMpgZR9lChoJmgnjAVQcm94eZSTlGgqTmgrfZRoLWgwKYGUfZQoaCZq2wEAAGgzfZSMCXZlaV9wcm94eZRLAHNoNmg5KVKUauABAABoPSmBlH2UKGhAauABAABoQWrgAQAAdWJzaEKPlGhEfZRq4AEAAF2UauABAABhc2hHiGhIiGhJiGhKj5RoTIloTYloTiloT2hSKYGUfZQoaFVdlGhzaHRodYlob4l1Ymh2aFJod05oeCloeUsAaHpLPGh7iWh8KWh9iWh+iWh/iWiAKWiBiWiCSwVogylohE5ohU5ohk5oh05oiIloiSloik5oi05ojE5ojSlojiloj2iQiIaUaJJ9lGiUiWiVTmiWfZRommrgAQAAdWJom12UaJ2JaJ6JaJ8paKCJaKF9lGijaKVopk5op4wFMi4yLjKUdWKMDWNvbW1lbnRzX2xpc3SUaCMpgZR9lChoJmgnjAhDb21tZW50c5STlGgqTmgrfZRoLWgwKYGUfZQoaCZq9QEAAGgzfZSMDHZlaV9jb21tZW50c5RLAHNoNmg5KVKUavoBAABoPSmBlH2UKGhAavoBAABoQWr6AQAAdWJzaEKPlGhEfZRq+gEAAF2UavoBAABhc2hHiGhIiGhJiGhKj5RoTIloTYloTiloT2hSKYGUfZQoaFVdlGhzaHRodYlob4l1Ymh2aFJod05oeGi9hZRoeUsAaHpLHmh7iWh8KWh9iWh+iWh/iWiAKWiBiWiCSwVogylohGg5KVKUaIVOaIZOaIdOaIiJaIkpaIpOaItOaIxOaI0paI4paI9okIiGlGiSfZRolIlolU5oln2UaJpq+gEAAHViaJtdlGidiWieiWifKWigiWihfZRoo2ilaKZOaKeMBTIuMi4ylHVijA1fYXV0aF91c2VyX2lklIwBMZSMEl9hdXRoX3VzZXJfYmFja2VuZJSMKWRqYW5nby5jb250cmliLmF1dGguYmFja2VuZHMuTW9kZWxCYWNrZW5klIwPX2F1dGhfdXNlcl9oYXNolIwoYzYyNGViNmIxMGVmYTkwMjhkMTFlODJhZDM5NzgwZDdlNTViOWRkNZSMDmhvdHNlYXJjaF9saXN0lGgjKYGUfZQoaCZoJ4wGU2VhcmNolJOUaCpOaCt9lGgtaDApgZR9lChoJmoXAgAAaDN9lIwKdmVpX3NlYXJjaJRLAnNoNmg5KVKUahwCAABoPSmBlH2UKGhAahwCAABoQWocAgAAdWJzaEKPlGhEfZRqHAIAAF2UahwCAABhc2hHiWhIiGhJiGhKj5RoTIloTYloTmhfKYGUfZQoaGJqHAIAAGhlaAVqFgIAAIwCd2SUh5RSlIaUfZSGlGhsaigCAABobWocAgAAaG5qKAIAAGhviXVihZRoT2hSKYGUfZQoaFVdlGhzjANBTkSUaHWJaG+JdWJodmhSaHdqJAIAAIWUaHiMCS13ZF9jb3VudJSFlGh5SwBoeksKaHuJaHwpaH2JaH6JaH+JaIApaIGJaIJLBWiDjAJ3ZJSFlGiEaDkpUpSMCHdkX2NvdW50lIwbZGphbmdvLmRiLm1vZGVscy5hZ2dyZWdhdGVzlIwFQ291bnSUk5QpgZR9lChoYmo0AgAAhZR9lIaUaHuJjAZmaWx0ZXKUTowSc291cmNlX2V4cHJlc3Npb25zlF2UaiQCAABhjAVleHRyYZR9lIwKaXNfc3VtbWFyeZSJdWJzaIWPlChqNwIAAJBohmg5KVKUajcCAABqOwIAAHNoh05oiIloiSloik5oi4+UaIxOaI0paI4paI8okZSIhpRokn2UaJSJaJVOaJZ9lHViaJtdlGidiWieiWifKWigiWihfZRoo2ghjA5WYWx1ZXNJdGVyYWJsZZSTlGimajQCAACFlGinjAUyLjIuMpR1YowQc3BpZGVyX3R5cGVfbGlzdJRoIymBlH2UKGgmaCdozpOUaCpOaCt9lGgtaDApgZR9lChoJmpWAgAAaDN9lIwPdmVpX3NwaWRlcl90eXBllEsAc2g2aDkpUpRqWwIAAGg9KYGUfZQoaEBqWwIAAGhBalsCAAB1YnNoQo+UaER9lGpbAgAAXZRqWwIAAGFzaEeIaEiIaEmIaEqPlGhMiWhNiWhOKWhPaFIpgZR9lChoVV2UaHOMA0FORJRodYlob4l1Ymh2aFJod05oeCloeUsAaHpOaHuJaHwpaH2JaH6JaH+JaIApaIGJaIJLBWiDKWiETmiFTmiGTmiHTmiIiWiJKWiKTmiLTmiMTmiNKWiOKWiPKJGUiIaUaJJ9lGiUiWiVTmiWfZRommpbAgAAdWJom12UKGgEaAVozoaUhZRSlH2UKIwGX3N0YXRllGgNKYGUfZQoaBCJaBGMB2RlZmF1bHSUdWKMAmlklEsBjARuYW1llIwG55S15b2xlIwLZGF0YV9mb3JtYXSUWN8BAAAKICAgICAgICBbCgl7CgkJIm1vdmllX25hbWUiOiLmlpfnoLToi43nqbkiLCAgICAjIOeUteW9seWQjQoJCSJtb3ZpZV9zaXplIjoiMS4zRyIsICAgICMg5paH5Lu25aSn5bCPCgkJInRodW5kZXJfbGluayI6InRodW5kZXI6Ly9RVUZ0WVdkdVpYUTZQM2gwUFhWeWJqcGlkR2xvT2preU5UY3lNRFl6TmpJNE5VVkNPREJFTVVGRk1UYzFPRU0wTnpNd1FUSTBNVEl6UVRsRk9FRmFXZz09IiwgICAgICMg6L+F6Zu36ZO+5o6lCgkJIm1vdmllX29ubGluZV92aWV3X2FkZHJlc3MiOiJodHRwczovL2JpbGkubWVpanV6dWlkYS5jb20vc2hhcmUvOGEyN2MyZGRjM2QzZmU3NGFhMDM3ZjRiN2QyNjJlMzQiICAgICMg5Zyo57q/6KeC55yL5Zyw5Z2ACgkJInNvdXJjZSI6Ijgwc+eUteW9see9kSIgICAgICAgIyDotYTmupDmnaXmupDnvZHnq5kKCX0sCgkjIOazqOaEj++8jOWxnuaAp+iOt+WPluS4jeWIsOeahOW/hemhu+Whq251bGzvvJsKXQogICAgICAgIJSMCGFkZF90aW1llGgaQwoH4wcdERECBEJBlIWUUpSMD19kamFuZ29fdmVyc2lvbpSMBTIuMi4ylHViaARoBWjOhpSFlFKUfZQoanACAABoDSmBlH2UKGgQiWgRanMCAAB1Ymp0AgAASwJqdQIAAIwM55m+5bqm572R55uYlGp3AgAAWAABAAAKICAgICAgICBbCgl7CgkJImZpbGVfbmFtZSI6IuWkjeS7h+iAheiBlOebnyIsICAgICAjIOaWh+S7tuWQjQoJCSJmaWxlX3NpemUiOiIxMk0iLCAgICAgICMg5paH5Lu25aSn5bCPCgkJImZpbGVfYWRkcmVzcyI6Imh0dHBzOi8vcGFuLmJhaWR1LmNvbS9tYm94L2hvbWVwYWdlP3Nob3J0PWIyMHJLaSIsICAgICAgIyDnvZHnm5jlnLDlnYAKCQkic291cmNlIjoi55uY5aSa5aSaIiAgICAgICMg6LWE5rqQ5p2l5rqQ572R56uZCgl9LApdCiAgICAgICAglGp5AgAAaBpDCgfjBx0REQIERimUhZRSlGp9AgAAjAUyLjIuMpR1YmgEaAVozoaUhZRSlH2UKGpwAgAAaA0pgZR9lChoEIloEWpzAgAAdWJqdAIAAEsDanUCAACMBumfs+S5kJRqdwIAAIz/CiAgICAgICAgWwoJewoJCSJtdXNpY19uYW1lIjoi6IOh6JCd5Y2c6aG7IiwgICAgICAgICPpn7PkuZDlkI0KCQkibXVzaWNfc2l6ZSI6IjEyTSIsICAgICAjIOaWh+S7tuWkp+WwjwoJCSJtdXNpY19zaW5nZXIiOiLorrjltakiLCAgICAj5q2M5omLCgkJIm11c2ljX2Rvd25sb2FkX2FkZHJlc3MiOiJ3d3cubXVzaWMyNTM2LmNuLzgxMjM4OTIzMDIiICAgICAgIyDkuIvovb3lnLDlnYAKCQkic291cmNlIjoicXHpn7PkuZAiCgl9LApdCiAgICAgICAglGp5AgAAaBpDCgfjBx0REQIERimUhZRSlGp9AgAAjAUyLjIuMpR1YmgEaAVozoaUhZRSlH2UKGpwAgAAaA0pgZR9lChoEIloEWpzAgAAdWJqdAIAAEsEanUCAACMBuejgeWKm5RqdwIAAFh/AQAACiAgICAgICAgWwoJewoJCSJtYWduZXRfbmFtZSI6IuWNg+S4juWNg+WvuyIsICAgICAgICAj5paH5Lu25ZCNCgkJIm1hZ25ldF9zaXplIjoiMeOAgjVHIiwgICAgICMg5paH5Lu25aSn5bCPCgkJIm1hZ25ldF9saW5rIjoibWFnbmV0Oj94dD11cm46YnRpaDo5MjU3MjA2MzYyODVFQjgwRDFBRTE3NThDNDczMEEyNDEyM0E5RThBIiwgICAgIyDno4Hlipvpk77mjqUKCQkidGh1bmRlcl9saW5rIjoidGh1bmRlcjovL1FVRnRZV2R1WlhRNlAzaDBQWFZ5YmpwaWRHbG9Pamt5TlRjeU1EWXpOakk0TlVWQ09EQkVNVUZGTVRjMU9FTTBOek13UVRJME1USXpRVGxGT0VGYVdnPT0iICAgICAjIOi/hembt+mTvuaOpQoJCSJzb3VyY2UiOiJidOS4i+i9vSIKCQkKCX0sCl0KICAgICAgICCUankCAABoGkMKB+MHHRERAgRGKZSFlFKUan0CAACMBTIuMi4ylHViZWidiWieiWifKWigiWihfZRoo2ilaKZOaKeMBTIuMi4ylHVijAd2ZXJjb2RllIwEMHNJapR1Lg==','2019-08-12 17:30:20.416756'),('obmsouijlfwxeb6jq4eyadgup0l321z9','ODA2ZGMxZDY4ZjYwMGYxZGJmYWE0MjM2NjA2YjE4OTQ5NzM3MmViOTqABJVcDwAAAAAAAH2UKIwJYnJvYWRjYXN0lE6MDnNodWZmbGluZ19saXN0lIwWZGphbmdvLmRiLm1vZGVscy5xdWVyeZSMCFF1ZXJ5U2V0lJOUKYGUfZQojAVtb2RlbJSMCnZlaS5tb2RlbHOUjAlTaHVmZmxpbmeUk5SMA19kYpROjAZfaGludHOUfZSMBXF1ZXJ5lIwaZGphbmdvLmRiLm1vZGVscy5zcWwucXVlcnmUjAVRdWVyeZSTlCmBlH2UKGgIaAuMDmFsaWFzX3JlZmNvdW50lH2UjA12ZWlfc2h1ZmZsaW5nlEsBc4wJYWxpYXNfbWFwlIwLY29sbGVjdGlvbnOUjAtPcmRlcmVkRGljdJSTlClSlGgXjCNkamFuZ28uZGIubW9kZWxzLnNxbC5kYXRhc3RydWN0dXJlc5SMCUJhc2VUYWJsZZSTlCmBlH2UKIwKdGFibGVfbmFtZZRoF4wLdGFibGVfYWxpYXOUaBd1YnOMEGV4dGVybmFsX2FsaWFzZXOUj5SMCXRhYmxlX21hcJR9lGgXXZRoF2FzjAxkZWZhdWx0X2NvbHOUiIwQZGVmYXVsdF9vcmRlcmluZ5SIjBFzdGFuZGFyZF9vcmRlcmluZ5SIjAx1c2VkX2FsaWFzZXOUj5SMEGZpbHRlcl9pc19zdGlja3mUiYwIc3VicXVlcnmUiYwGc2VsZWN0lCmMBXdoZXJllIwaZGphbmdvLmRiLm1vZGVscy5zcWwud2hlcmWUjAlXaGVyZU5vZGWUk5QpgZR9lCiMCGNoaWxkcmVulF2UjBhkamFuZ28uZGIubW9kZWxzLmxvb2t1cHOUjAVFeGFjdJSTlCmBlH2UKIwDbGhzlIwcZGphbmdvLmRiLm1vZGVscy5leHByZXNzaW9uc5SMA0NvbJSTlCmBlH2UKIwRX2NvbnN0cnVjdG9yX2FyZ3OUaBeMF2RqYW5nby5kYi5tb2RlbHMuZmllbGRzlIwLX2xvYWRfZmllbGSUk5SMA3ZlaZRoCowHaXNfdXNlZJSHlFKUhpR9lIaUjAxvdXRwdXRfZmllbGSUaEuMBWFsaWFzlGgXjAZ0YXJnZXSUaEuMEmNvbnRhaW5zX2FnZ3JlZ2F0ZZSJdWKMA3Joc5SIjBRiaWxhdGVyYWxfdHJhbnNmb3Jtc5RdlGhSiXViYYwJY29ubmVjdG9ylIwDQU5ElIwHbmVnYXRlZJSJaFKJdWKMC3doZXJlX2NsYXNzlGg0jAhncm91cF9ieZROjAhvcmRlcl9ieZQpjAhsb3dfbWFya5RLAIwJaGlnaF9tYXJrlEsGjAhkaXN0aW5jdJSJjA9kaXN0aW5jdF9maWVsZHOUKYwRc2VsZWN0X2Zvcl91cGRhdGWUiYwYc2VsZWN0X2Zvcl91cGRhdGVfbm93YWl0lImMHXNlbGVjdF9mb3JfdXBkYXRlX3NraXBfbG9ja2VklImMFHNlbGVjdF9mb3JfdXBkYXRlX29mlCmMDnNlbGVjdF9yZWxhdGVklImMCW1heF9kZXB0aJRLBYwNdmFsdWVzX3NlbGVjdJQpjAxfYW5ub3RhdGlvbnOUTowWYW5ub3RhdGlvbl9zZWxlY3RfbWFza5ROjBhfYW5ub3RhdGlvbl9zZWxlY3RfY2FjaGWUTowKY29tYmluYXRvcpROjA5jb21iaW5hdG9yX2FsbJSJjBBjb21iaW5lZF9xdWVyaWVzlCmMBl9leHRyYZROjBFleHRyYV9zZWxlY3RfbWFza5ROjBNfZXh0cmFfc2VsZWN0X2NhY2hllE6MDGV4dHJhX3RhYmxlc5QpjA5leHRyYV9vcmRlcl9ieZQpjBBkZWZlcnJlZF9sb2FkaW5nlCiRlIiGlIwTX2ZpbHRlcmVkX3JlbGF0aW9uc5R9lIwNZXhwbGFpbl9xdWVyeZSJjA5leHBsYWluX2Zvcm1hdJROjA9leHBsYWluX29wdGlvbnOUfZSMDV9sb29rdXBfam9pbnOUXZRoF2GMCmJhc2VfdGFibGWUaBd1YowNX3Jlc3VsdF9jYWNoZZRdlIwOX3N0aWNreV9maWx0ZXKUiYwKX2Zvcl93cml0ZZSJjBlfcHJlZmV0Y2hfcmVsYXRlZF9sb29rdXBzlCmMDl9wcmVmZXRjaF9kb25llImMFl9rbm93bl9yZWxhdGVkX29iamVjdHOUfZSMD19pdGVyYWJsZV9jbGFzc5RoA4wNTW9kZWxJdGVyYWJsZZSTlIwHX2ZpZWxkc5ROjA9fZGphbmdvX3ZlcnNpb26UjAUyLjIuMpR1YowLc3BpZGVyX2xpc3SUaAUpgZR9lChoCGgJjAZTcGlkZXKUk5RoDE5oDX2UaA9oEimBlH2UKGgIaJBoFX2UjAp2ZWlfc3BpZGVylEsAc2gYaBspUpRolWgfKYGUfZQoaCJolWgjaJV1YnNoJI+UaCZ9lGiVXZRolWFzaCmIaCqIaCuIaCyPlGguiWgviWgwKWgxaDQpgZR9lChoN12UaFZoV2hYiWhSiXViaFloNGhaTmhbjAktYWRkX3RpbWWUhZRoXEsAaF1OaF6JaF8paGCJaGGJaGKJaGMpaGSJaGVLBWhmKWhnaBspUpRoaE5oaU5oak5oa4lobClobU5obk5ob05ocClocSlocmhziIaUaHV9lGh3iWh4Tmh5fZRofWiVdWJofl2UaICJaIGJaIIpaIOJaIR9lGiGaIhoiU5oiowFMi4yLjKUdWKMCXBhY2tfbGlzdJRdlCh9lCiMCXBhY2tfbmFtZZSMB2Fpb2h0dHCUjAhwYWNrX3ZlcpSMBTMuNS40lHV9lChorIwEYW1xcJRorowFMS40LjmUdX2UKGisjAdhbnlqc29ulGiujAUwLjMuM5R1fZQoaKyMDWFzeW5jLXRpbWVvdXSUaK6MBTMuMC4xlHV9lChorIwFYXR0cnOUaK6MBjE5LjEuMJR1fZQoaKyMBUJhYmVslGiujAUyLjcuMJR1fZQoaKyMCGJpbGxpYXJklGiujAgzLjMuMC4yM5R1fZQoaKyMBmNlbGVyeZRorowMMy4xLjI2LnBvc3QylHV9lChorIwHY2VydGlmaZRorowJMjAxOS42LjE2lHV9lChorIwHY2hhcmRldJRorowFMy4wLjSUdX2UKGisjAZEamFuZ2+UaK6MBTIuMi4ylHV9lChorIwNZGphbmdvLWNlbGVyeZRorowFMy4yLjKUdX2UKGisjAxkamFuZ28tcmVkaXOUaK6MBjQuMTAuMJR1fZQoaKyMD2RqYW5nby1zaW1wbGV1aZRorowJMi4xLjQuNjE5lHV9lChorIwTZGphbmdvcmVzdGZyYW1ld29ya5RorowGMy4xMC4xlHV9lChorIwGZmxvd2VylGiujAUwLjkuM5R1fZQoaKyMBGlkbmGUaK6MAzIuOJR1fZQoaKyMCGlkbmEtc3NslGiujAUxLjEuMJR1fZQoaKyMDWltcG9ydC1zdHJpbmeUaK6MBTAuMS4wlHV9lChorIwFa29tYnWUaK6MBjMuMC4zN5R1fZQoaKyMBGx4bWyUaK6MBTMuNy4ylHV9lChorIwJbXVsdGlkaWN0lGiujAU0LjUuMpR1fZQoaKyMC215c3FsY2xpZW50lGiujAsxLjQuMi5wb3N0MZR1fZQoaKyMBlBpbGxvd5RorowFNi4wLjCUdX2UKGisjAdQeU15U1FMlGiujAUwLjkuM5R1fZQoaKyMBHB5dHqUaK6MBjIwMTkuMZR1fZQoaKyMBXJlZGlzlGiujAYyLjEwLjaUdX2UKGisjAhyZXF1ZXN0c5RorowGMi4yMi4wlHV9lChorIwDc2l4lGiujAYxLjEyLjCUdX2UKGisjAhzcWxwYXJzZZRorowFMC4zLjCUdX2UKGisjAd0b3JuYWRvlGiujAU1LjEuMZR1fZQoaKyMEXR5cGluZy1leHRlbnNpb25zlGiujAUzLjcuNJR1fZQoaKyMB3VybGxpYjOUaK6MBjEuMjUuM5R1fZQoaKyMBHlhcmyUaK6MBTEuMy4wlHVljAtwcm94eV9jb3VudJRLAIwKcHJveHlfbGlzdJRdlIwNY29tbWVudHNfbGlzdJRoBSmBlH2UKGgIaAmMCENvbW1lbnRzlJOUaAxOaA19lGgPaBIpgZR9lChoCGoaAQAAaBV9lIwMdmVpX2NvbW1lbnRzlEsAc2gYaBspUpRqHwEAAGgfKYGUfZQoaCJqHwEAAGgjah8BAAB1YnNoJI+UaCZ9lGofAQAAXZRqHwEAAGFzaCmIaCqIaCuIaCyPlGguiWgviWgwKWgxaDQpgZR9lChoN12UaFZoV2hYiWhSiXViaFloNGhaTmhbaKCFlGhcSwBoXUseaF6JaF8paGCJaGGJaGKJaGMpaGSJaGVLBWhmKWhnaBspUpRoaE5oaU5oak5oa4lobClobU5obk5ob05ocClocSlocmhziIaUaHV9lGh3iWh4Tmh5fZRofWofAQAAdWJofl2UaICJaIGJaIIpaIOJaIR9lGiGaIhoiU5oiowFMi4yLjKUdWKMEHNwaWRlcl90eXBlX2xpc3SUaAUpgZR9lChoCGgJjAtTcGlkZXJfdHlwZZSTlGgMTmgNfZRoD2gSKYGUfZQoaAhqNgEAAGgVfZSMD3ZlaV9zcGlkZXJfdHlwZZRLAHNoGGgbKVKUajsBAABoHymBlH2UKGgiajsBAABoI2o7AQAAdWJzaCSPlGgmfZRqOwEAAF2UajsBAABhc2gpiGgqiGgriGgsj5RoLoloL4loMCloMWg0KYGUfZQoaDddlGhWjANBTkSUaFiJaFKJdWJoWWg0aFpOaFspaFxLAGhdTmheiWhfKWhgiWhhiWhiiWhjKWhkiWhlSwVoZiloZ05oaE5oaU5oak5oa4lobClobU5obk5ob05ocClocSlociiRlIiGlGh1fZRod4loeE5oeX2UaH1qOwEAAHViaH5dlGiAiWiBiWiCKWiDiWiEfZRohmiIaIlOaIqMBTIuMi4ylHVijAd2ZXJjb2RllIwEcDFaQpSMDV9hdXRoX3VzZXJfaWSUjAExlIwSX2F1dGhfdXNlcl9iYWNrZW5klIwpZGphbmdvLmNvbnRyaWIuYXV0aC5iYWNrZW5kcy5Nb2RlbEJhY2tlbmSUjA9fYXV0aF91c2VyX2hhc2iUjChjNjI0ZWI2YjEwZWZhOTAyOGQxMWU4MmFkMzk3ODBkN2U1NWI5ZGQ1lHUu','2019-08-12 17:18:27.178961'),('stjcu7m2t12d3h5exp5mkphatc5h840m','OGY3OTRjOGYyNjNmYmY2NjNmMzNiM2NmYTdhZGI4YWQ0ZmEwMDQ2NTqABJXEGAAAAAAAAH2UKIwJYnJvYWRjYXN0lIwVZGphbmdvLmRiLm1vZGVscy5iYXNllIwObW9kZWxfdW5waWNrbGWUk5SMA3ZlaZSMCUJyb2FkY2FzdJSGlIWUUpR9lCiMBl9zdGF0ZZRoAowKTW9kZWxTdGF0ZZSTlCmBlH2UKIwGYWRkaW5nlImMAmRilIwHZGVmYXVsdJR1YowCaWSUSwGMDGNhc3RfY29udGVudJSMe+aIkeS7rOS4jeeUn+S6p+i1hOa6kO+8jOaIkeS7rOS4jeWtmOWCqOi1hOa6kO+8jOaIkeS7rOS4jeaYr+i1hOa6kOeahOaQrOi/kOW3pe+8jOaIkeS7rOWPquaYr+S4uuaQrOi/kOW3peaPkOS+m+S6huS9j+aJgOOAgpSMB2lzX3VzZWSUiIwIYWRkX3RpbWWUjAhkYXRldGltZZSMCGRhdGV0aW1llJOUQwoH4wcdEREAAAAAlIWUUpSMD19kamFuZ29fdmVyc2lvbpSMBTIuMi4ylHVijA5zaHVmZmxpbmdfbGlzdJSMFmRqYW5nby5kYi5tb2RlbHMucXVlcnmUjAhRdWVyeVNldJSTlCmBlH2UKIwFbW9kZWyUjAp2ZWkubW9kZWxzlIwJU2h1ZmZsaW5nlJOUjANfZGKUTowGX2hpbnRzlH2UjAVxdWVyeZSMGmRqYW5nby5kYi5tb2RlbHMuc3FsLnF1ZXJ5lIwFUXVlcnmUk5QpgZR9lChoJmgpjA5hbGlhc19yZWZjb3VudJR9lIwNdmVpX3NodWZmbGluZ5RLAXOMCWFsaWFzX21hcJSMC2NvbGxlY3Rpb25zlIwLT3JkZXJlZERpY3SUk5QpUpRoNYwjZGphbmdvLmRiLm1vZGVscy5zcWwuZGF0YXN0cnVjdHVyZXOUjAlCYXNlVGFibGWUk5QpgZR9lCiMCnRhYmxlX25hbWWUaDWMC3RhYmxlX2FsaWFzlGg1dWJzjBBleHRlcm5hbF9hbGlhc2VzlI+UjAl0YWJsZV9tYXCUfZRoNV2UaDVhc4wMZGVmYXVsdF9jb2xzlIiMEGRlZmF1bHRfb3JkZXJpbmeUiIwRc3RhbmRhcmRfb3JkZXJpbmeUiIwMdXNlZF9hbGlhc2VzlI+UjBBmaWx0ZXJfaXNfc3RpY2t5lImMCHN1YnF1ZXJ5lImMBnNlbGVjdJQpjAV3aGVyZZSMGmRqYW5nby5kYi5tb2RlbHMuc3FsLndoZXJllIwJV2hlcmVOb2RllJOUKYGUfZQojAhjaGlsZHJlbpRdlIwYZGphbmdvLmRiLm1vZGVscy5sb29rdXBzlIwFRXhhY3SUk5QpgZR9lCiMA2xoc5SMHGRqYW5nby5kYi5tb2RlbHMuZXhwcmVzc2lvbnOUjANDb2yUk5QpgZR9lCiMEV9jb25zdHJ1Y3Rvcl9hcmdzlGg1jBdkamFuZ28uZGIubW9kZWxzLmZpZWxkc5SMC19sb2FkX2ZpZWxklJOUaAVoKIwHaXNfdXNlZJSHlFKUhpR9lIaUjAxvdXRwdXRfZmllbGSUaGiMBWFsaWFzlGg1jAZ0YXJnZXSUaGiMEmNvbnRhaW5zX2FnZ3JlZ2F0ZZSJdWKMA3Joc5SIjBRiaWxhdGVyYWxfdHJhbnNmb3Jtc5RdlGhviXViYYwJY29ubmVjdG9ylIwDQU5ElIwHbmVnYXRlZJSJaG+JdWKMC3doZXJlX2NsYXNzlGhSjAhncm91cF9ieZROjAhvcmRlcl9ieZQpjAhsb3dfbWFya5RLAIwJaGlnaF9tYXJrlEsGjAhkaXN0aW5jdJSJjA9kaXN0aW5jdF9maWVsZHOUKYwRc2VsZWN0X2Zvcl91cGRhdGWUiYwYc2VsZWN0X2Zvcl91cGRhdGVfbm93YWl0lImMHXNlbGVjdF9mb3JfdXBkYXRlX3NraXBfbG9ja2VklImMFHNlbGVjdF9mb3JfdXBkYXRlX29mlCmMDnNlbGVjdF9yZWxhdGVklImMCW1heF9kZXB0aJRLBYwNdmFsdWVzX3NlbGVjdJQpjAxfYW5ub3RhdGlvbnOUTowWYW5ub3RhdGlvbl9zZWxlY3RfbWFza5ROjBhfYW5ub3RhdGlvbl9zZWxlY3RfY2FjaGWUTowKY29tYmluYXRvcpROjA5jb21iaW5hdG9yX2FsbJSJjBBjb21iaW5lZF9xdWVyaWVzlCmMBl9leHRyYZROjBFleHRyYV9zZWxlY3RfbWFza5ROjBNfZXh0cmFfc2VsZWN0X2NhY2hllE6MDGV4dHJhX3RhYmxlc5QpjA5leHRyYV9vcmRlcl9ieZQpjBBkZWZlcnJlZF9sb2FkaW5nlCiRlIiGlIwTX2ZpbHRlcmVkX3JlbGF0aW9uc5R9lIwNZXhwbGFpbl9xdWVyeZSJjA5leHBsYWluX2Zvcm1hdJROjA9leHBsYWluX29wdGlvbnOUfZSMDV9sb29rdXBfam9pbnOUXZRoNWGMCmJhc2VfdGFibGWUaDV1YowNX3Jlc3VsdF9jYWNoZZRdlIwOX3N0aWNreV9maWx0ZXKUiYwKX2Zvcl93cml0ZZSJjBlfcHJlZmV0Y2hfcmVsYXRlZF9sb29rdXBzlCmMDl9wcmVmZXRjaF9kb25llImMFl9rbm93bl9yZWxhdGVkX29iamVjdHOUfZSMD19pdGVyYWJsZV9jbGFzc5RoIYwNTW9kZWxJdGVyYWJsZZSTlIwHX2ZpZWxkc5ROjA9fZGphbmdvX3ZlcnNpb26UjAUyLjIuMpR1YowLc3BpZGVyX2xpc3SUaCMpgZR9lChoJmgnjAZTcGlkZXKUk5RoKk5oK32UaC1oMCmBlH2UKGgmaK1oM32UjAp2ZWlfc3BpZGVylEsAc2g2aDkpUpRosmg9KYGUfZQoaEBosmhBaLJ1YnNoQo+UaER9lGiyXZRosmFzaEeIaEiIaEmIaEqPlGhMiWhNiWhOKWhPaFIpgZR9lChoVV2UaHNodGh1iWhviXViaHZoUmh3Tmh4jAktYWRkX3RpbWWUhZRoeUsAaHpOaHuJaHwpaH2JaH6JaH+JaIApaIGJaIJLBWiDKWiEaDkpUpRohU5ohk5oh05oiIloiSloik5oi05ojE5ojSlojiloj2iQiIaUaJJ9lGiUiWiVTmiWfZRommiydWJom12UaJ2JaJ6JaJ8paKCJaKF9lGijaKVopk5op4wFMi4yLjKUdWKMCXBhY2tfbGlzdJRdlCh9lCiMCXBhY2tfbmFtZZSMB2Fpb2h0dHCUjAhwYWNrX3ZlcpSMBTMuNS40lHV9lChoyYwEYW1xcJRoy4wFMS40LjmUdX2UKGjJjAdhbnlqc29ulGjLjAUwLjMuM5R1fZQoaMmMDWFzeW5jLXRpbWVvdXSUaMuMBTMuMC4xlHV9lChoyYwFYXR0cnOUaMuMBjE5LjEuMJR1fZQoaMmMBUJhYmVslGjLjAUyLjcuMJR1fZQoaMmMCGJpbGxpYXJklGjLjAgzLjMuMC4yM5R1fZQoaMmMBmNlbGVyeZRoy4wMMy4xLjI2LnBvc3QylHV9lChoyYwHY2VydGlmaZRoy4wJMjAxOS42LjE2lHV9lChoyYwHY2hhcmRldJRoy4wFMy4wLjSUdX2UKGjJjAZEamFuZ2+UaMuMBTIuMi4ylHV9lChoyYwNZGphbmdvLWNlbGVyeZRoy4wFMy4yLjKUdX2UKGjJjAxkamFuZ28tcmVkaXOUaMuMBjQuMTAuMJR1fZQoaMmMD2RqYW5nby1zaW1wbGV1aZRoy4wJMi4xLjQuNjE5lHV9lChoyYwTZGphbmdvcmVzdGZyYW1ld29ya5Roy4wGMy4xMC4xlHV9lChoyYwGZmxvd2VylGjLjAUwLjkuM5R1fZQoaMmMBGlkbmGUaMuMAzIuOJR1fZQoaMmMCGlkbmEtc3NslGjLjAUxLjEuMJR1fZQoaMmMDWltcG9ydC1zdHJpbmeUaMuMBTAuMS4wlHV9lChoyYwFa29tYnWUaMuMBjMuMC4zN5R1fZQoaMmMBGx4bWyUaMuMBTMuNy4ylHV9lChoyYwJbXVsdGlkaWN0lGjLjAU0LjUuMpR1fZQoaMmMC215c3FsY2xpZW50lGjLjAsxLjQuMi5wb3N0MZR1fZQoaMmMBlBpbGxvd5Roy4wFNi4wLjCUdX2UKGjJjAdQeU15U1FMlGjLjAUwLjkuM5R1fZQoaMmMBHB5dHqUaMuMBjIwMTkuMZR1fZQoaMmMBXJlZGlzlGjLjAYyLjEwLjaUdX2UKGjJjAhyZXF1ZXN0c5Roy4wGMi4yMi4wlHV9lChoyYwDc2l4lGjLjAYxLjEyLjCUdX2UKGjJjAhzcWxwYXJzZZRoy4wFMC4zLjCUdX2UKGjJjAd0b3JuYWRvlGjLjAU1LjEuMZR1fZQoaMmMEXR5cGluZy1leHRlbnNpb25zlGjLjAUzLjcuNJR1fZQoaMmMB3VybGxpYjOUaMuMBjEuMjUuM5R1fZQoaMmMBHlhcmyUaMuMBTEuMy4wlHVljAtwcm94eV9jb3VudJRLAIwKcHJveHlfbGlzdJRoIymBlH2UKGgmaCeMBVByb3h5lJOUaCpOaCt9lGgtaDApgZR9lChoJmo1AQAAaDN9lIwJdmVpX3Byb3h5lEsAc2g2aDkpUpRqOgEAAGg9KYGUfZQoaEBqOgEAAGhBajoBAAB1YnNoQo+UaER9lGo6AQAAXZRqOgEAAGFzaEeIaEiIaEmIaEqPlGhMiWhNiWhOKWhPaFIpgZR9lChoVV2UaHNodGh1iWhviXViaHZoUmh3Tmh4KWh5SwBoeks8aHuJaHwpaH2JaH6JaH+JaIApaIGJaIJLBWiDKWiETmiFTmiGTmiHTmiIiWiJKWiKTmiLTmiMTmiNKWiOKWiPaJCIhpRokn2UaJSJaJVOaJZ9lGiaajoBAAB1YmibXZRonYlonolonylooIlooX2UaKNopWimTminjAUyLjIuMpR1YowNY29tbWVudHNfbGlzdJRoIymBlH2UKGgmaCeMCENvbW1lbnRzlJOUaCpOaCt9lGgtaDApgZR9lChoJmpPAQAAaDN9lIwMdmVpX2NvbW1lbnRzlEsAc2g2aDkpUpRqVAEAAGg9KYGUfZQoaEBqVAEAAGhBalQBAAB1YnNoQo+UaER9lGpUAQAAXZRqVAEAAGFzaEeIaEiIaEmIaEqPlGhMiWhNiWhOKWhPaFIpgZR9lChoVV2UaHNodGh1iWhviXViaHZoUmh3Tmh4aL2FlGh5SwBoekseaHuJaHwpaH2JaH6JaH+JaIApaIGJaIJLBWiDKWiEaDkpUpRohU5ohk5oh05oiIloiSloik5oi05ojE5ojSlojiloj2iQiIaUaJJ9lGiUiWiVTmiWfZRommpUAQAAdWJom12UaJ2JaJ6JaJ8paKCJaKF9lGijaKVopk5op4wFMi4yLjKUdWKMEHNwaWRlcl90eXBlX2xpc3SUaCMpgZR9lChoJmgnjAtTcGlkZXJfdHlwZZSTlGgqTmgrfZRoLWgwKYGUfZQoaCZqawEAAGgzfZSMD3ZlaV9zcGlkZXJfdHlwZZRLAHNoNmg5KVKUanABAABoPSmBlH2UKGhAanABAABoQWpwAQAAdWJzaEKPlGhEfZRqcAEAAF2UanABAABhc2hHiGhIiGhJiGhKj5RoTIloTYloTiloT2hSKYGUfZQoaFVdlGhzjANBTkSUaHWJaG+JdWJodmhSaHdOaHgpaHlLAGh6Tmh7iWh8KWh9iWh+iWh/iWiAKWiBiWiCSwVogylohE5ohU5ohk5oh05oiIloiSloik5oi05ojE5ojSlojilojyiRlIiGlGiSfZRolIlolU5oln2UaJpqcAEAAHViaJtdlChoBGgFamoBAACGlIWUUpR9lCiMBl9zdGF0ZZRoDSmBlH2UKGgQiWgRjAdkZWZhdWx0lHVijAJpZJRLAYwEbmFtZZSMBueUteW9sZSMC2RhdGFfZm9ybWF0lFjfAQAACiAgICAgICAgWwoJewoJCSJtb3ZpZV9uYW1lIjoi5paX56C06IuN56m5IiwgICAgIyDnlLXlvbHlkI0KCQkibW92aWVfc2l6ZSI6IjEuM0ciLCAgICAjIOaWh+S7tuWkp+WwjwoJCSJ0aHVuZGVyX2xpbmsiOiJ0aHVuZGVyOi8vUVVGdFlXZHVaWFE2UDNoMFBYVnlianBpZEdsb09qa3lOVGN5TURZek5qSTROVVZDT0RCRU1VRkZNVGMxT0VNME56TXdRVEkwTVRJelFUbEZPRUZhV2c9PSIsICAgICAjIOi/hembt+mTvuaOpQoJCSJtb3ZpZV9vbmxpbmVfdmlld19hZGRyZXNzIjoiaHR0cHM6Ly9iaWxpLm1laWp1enVpZGEuY29tL3NoYXJlLzhhMjdjMmRkYzNkM2ZlNzRhYTAzN2Y0YjdkMjYyZTM0IiAgICAjIOWcqOe6v+ingueci+WcsOWdgAoJCSJzb3VyY2UiOiI4MHPnlLXlvbHnvZEiICAgICAgICMg6LWE5rqQ5p2l5rqQ572R56uZCgl9LAoJIyDms6jmhI/vvIzlsZ7mgKfojrflj5bkuI3liLDnmoTlv4XpobvloatudWxs77ybCl0KICAgICAgICCUjAhhZGRfdGltZZRoGkMKB+MHHRERAgRCQZSFlFKUjA9fZGphbmdvX3ZlcnNpb26UjAUyLjIuMpR1YmgEaAVqagEAAIaUhZRSlH2UKGqFAQAAaA0pgZR9lChoEIloEWqIAQAAdWJqiQEAAEsCaooBAACMDOeZvuW6pue9keebmJRqjAEAAFgAAQAACiAgICAgICAgWwoJewoJCSJmaWxlX25hbWUiOiLlpI3ku4fogIXogZTnm58iLCAgICAgIyDmlofku7blkI0KCQkiZmlsZV9zaXplIjoiMTJNIiwgICAgICAjIOaWh+S7tuWkp+WwjwoJCSJmaWxlX2FkZHJlc3MiOiJodHRwczovL3Bhbi5iYWlkdS5jb20vbWJveC9ob21lcGFnZT9zaG9ydD1iMjByS2kiLCAgICAgICMg572R55uY5Zyw5Z2ACgkJInNvdXJjZSI6IuebmOWkmuWkmiIgICAgICAjIOi1hOa6kOadpea6kOe9keermQoJfSwKXQogICAgICAgIJRqjgEAAGgaQwoH4wcdERECBEYplIWUUpRqkgEAAIwFMi4yLjKUdWJoBGgFamoBAACGlIWUUpR9lChqhQEAAGgNKYGUfZQoaBCJaBFqiAEAAHViaokBAABLA2qKAQAAjAbpn7PkuZCUaowBAACM/wogICAgICAgIFsKCXsKCQkibXVzaWNfbmFtZSI6IuiDoeiQneWNnOmhuyIsICAgICAgICAj6Z+z5LmQ5ZCNCgkJIm11c2ljX3NpemUiOiIxMk0iLCAgICAgIyDmlofku7blpKflsI8KCQkibXVzaWNfc2luZ2VyIjoi6K645bWpIiwgICAgI+atjOaJiwoJCSJtdXNpY19kb3dubG9hZF9hZGRyZXNzIjoid3d3Lm11c2ljMjUzNi5jbi84MTIzODkyMzAyIiAgICAgICMg5LiL6L295Zyw5Z2ACgkJInNvdXJjZSI6InFx6Z+z5LmQIgoJfSwKXQogICAgICAgIJRqjgEAAGgaQwoH4wcdERECBEYplIWUUpRqkgEAAIwFMi4yLjKUdWJoBGgFamoBAACGlIWUUpR9lChqhQEAAGgNKYGUfZQoaBCJaBFqiAEAAHViaokBAABLBGqKAQAAjAbno4HlipuUaowBAABYfwEAAAogICAgICAgIFsKCXsKCQkibWFnbmV0X25hbWUiOiLljYPkuI7ljYPlr7siLCAgICAgICAgI+aWh+S7tuWQjQoJCSJtYWduZXRfc2l6ZSI6IjHjgII1RyIsICAgICAjIOaWh+S7tuWkp+WwjwoJCSJtYWduZXRfbGluayI6Im1hZ25ldDo/eHQ9dXJuOmJ0aWg6OTI1NzIwNjM2Mjg1RUI4MEQxQUUxNzU4QzQ3MzBBMjQxMjNBOUU4QSIsICAgICMg56OB5Yqb6ZO+5o6lCgkJInRodW5kZXJfbGluayI6InRodW5kZXI6Ly9RVUZ0WVdkdVpYUTZQM2gwUFhWeWJqcGlkR2xvT2preU5UY3lNRFl6TmpJNE5VVkNPREJFTVVGRk1UYzFPRU0wTnpNd1FUSTBNVEl6UVRsRk9FRmFXZz09IiAgICAgIyDov4Xpm7fpk77mjqUKCQkic291cmNlIjoiYnTkuIvovb0iCgkJCgl9LApdCiAgICAgICAglGqOAQAAaBpDCgfjBx0REQIERimUhZRSlGqSAQAAjAUyLjIuMpR1YmVonYlonolonylooIlooX2UaKNopWimTminjAUyLjIuMpR1YowHdmVyY29kZZSMBG51V3OUdS4=','2019-08-12 17:26:28.574495');
/*!40000 ALTER TABLE `django_session` ENABLE KEYS */;
UNLOCK TABLES;

--
-- Table structure for table `djcelery_crontabschedule`
--

DROP TABLE IF EXISTS `djcelery_crontabschedule`;
/*!40101 SET @saved_cs_client     = @@character_set_client */;
/*!40101 SET character_set_client = utf8 */;
CREATE TABLE `djcelery_crontabschedule` (
  `id` int(11) NOT NULL AUTO_INCREMENT,
  `minute` varchar(64) NOT NULL,
  `hour` varchar(64) NOT NULL,
  `day_of_week` varchar(64) NOT NULL,
  `day_of_month` varchar(64) NOT NULL,
  `month_of_year` varchar(64) NOT NULL,
  PRIMARY KEY (`id`)
) ENGINE=InnoDB DEFAULT CHARSET=utf8;
/*!40101 SET character_set_client = @saved_cs_client */;

--
-- Dumping data for table `djcelery_crontabschedule`
--

LOCK TABLES `djcelery_crontabschedule` WRITE;
/*!40000 ALTER TABLE `djcelery_crontabschedule` DISABLE KEYS */;
/*!40000 ALTER TABLE `djcelery_crontabschedule` ENABLE KEYS */;
UNLOCK TABLES;

--
-- Table structure for table `djcelery_intervalschedule`
--

DROP TABLE IF EXISTS `djcelery_intervalschedule`;
/*!40101 SET @saved_cs_client     = @@character_set_client */;
/*!40101 SET character_set_client = utf8 */;
CREATE TABLE `djcelery_intervalschedule` (
  `id` int(11) NOT NULL AUTO_INCREMENT,
  `every` int(11) NOT NULL,
  `period` varchar(24) NOT NULL,
  PRIMARY KEY (`id`)
) ENGINE=InnoDB DEFAULT CHARSET=utf8;
/*!40101 SET character_set_client = @saved_cs_client */;

--
-- Dumping data for table `djcelery_intervalschedule`
--

LOCK TABLES `djcelery_intervalschedule` WRITE;
/*!40000 ALTER TABLE `djcelery_intervalschedule` DISABLE KEYS */;
/*!40000 ALTER TABLE `djcelery_intervalschedule` ENABLE KEYS */;
UNLOCK TABLES;

--
-- Table structure for table `djcelery_periodictask`
--

DROP TABLE IF EXISTS `djcelery_periodictask`;
/*!40101 SET @saved_cs_client     = @@character_set_client */;
/*!40101 SET character_set_client = utf8 */;
CREATE TABLE `djcelery_periodictask` (
  `id` int(11) NOT NULL AUTO_INCREMENT,
  `name` varchar(200) NOT NULL,
  `task` varchar(200) NOT NULL,
  `args` longtext NOT NULL,
  `kwargs` longtext NOT NULL,
  `queue` varchar(200) DEFAULT NULL,
  `exchange` varchar(200) DEFAULT NULL,
  `routing_key` varchar(200) DEFAULT NULL,
  `expires` datetime(6) DEFAULT NULL,
  `enabled` tinyint(1) NOT NULL,
  `last_run_at` datetime(6) DEFAULT NULL,
  `total_run_count` int(10) unsigned NOT NULL,
  `date_changed` datetime(6) NOT NULL,
  `description` longtext NOT NULL,
  `crontab_id` int(11) DEFAULT NULL,
  `interval_id` int(11) DEFAULT NULL,
  PRIMARY KEY (`id`),
  UNIQUE KEY `name` (`name`),
  KEY `djcelery_periodictas_crontab_id_75609bab_fk_djcelery_` (`crontab_id`),
  KEY `djcelery_periodictas_interval_id_b426ab02_fk_djcelery_` (`interval_id`),
  CONSTRAINT `djcelery_periodictas_crontab_id_75609bab_fk_djcelery_` FOREIGN KEY (`crontab_id`) REFERENCES `djcelery_crontabschedule` (`id`),
  CONSTRAINT `djcelery_periodictas_interval_id_b426ab02_fk_djcelery_` FOREIGN KEY (`interval_id`) REFERENCES `djcelery_intervalschedule` (`id`)
) ENGINE=InnoDB DEFAULT CHARSET=utf8;
/*!40101 SET character_set_client = @saved_cs_client */;

--
-- Dumping data for table `djcelery_periodictask`
--

LOCK TABLES `djcelery_periodictask` WRITE;
/*!40000 ALTER TABLE `djcelery_periodictask` DISABLE KEYS */;
/*!40000 ALTER TABLE `djcelery_periodictask` ENABLE KEYS */;
UNLOCK TABLES;

--
-- Table structure for table `djcelery_periodictasks`
--

DROP TABLE IF EXISTS `djcelery_periodictasks`;
/*!40101 SET @saved_cs_client     = @@character_set_client */;
/*!40101 SET character_set_client = utf8 */;
CREATE TABLE `djcelery_periodictasks` (
  `ident` smallint(6) NOT NULL,
  `last_update` datetime(6) NOT NULL,
  PRIMARY KEY (`ident`)
) ENGINE=InnoDB DEFAULT CHARSET=utf8;
/*!40101 SET character_set_client = @saved_cs_client */;

--
-- Dumping data for table `djcelery_periodictasks`
--

LOCK TABLES `djcelery_periodictasks` WRITE;
/*!40000 ALTER TABLE `djcelery_periodictasks` DISABLE KEYS */;
/*!40000 ALTER TABLE `djcelery_periodictasks` ENABLE KEYS */;
UNLOCK TABLES;

--
-- Table structure for table `djcelery_taskstate`
--

DROP TABLE IF EXISTS `djcelery_taskstate`;
/*!40101 SET @saved_cs_client     = @@character_set_client */;
/*!40101 SET character_set_client = utf8 */;
CREATE TABLE `djcelery_taskstate` (
  `id` int(11) NOT NULL AUTO_INCREMENT,
  `state` varchar(64) NOT NULL,
  `task_id` varchar(36) NOT NULL,
  `name` varchar(200) DEFAULT NULL,
  `tstamp` datetime(6) NOT NULL,
  `args` longtext,
  `kwargs` longtext,
  `eta` datetime(6) DEFAULT NULL,
  `expires` datetime(6) DEFAULT NULL,
  `result` longtext,
  `traceback` longtext,
  `runtime` double DEFAULT NULL,
  `retries` int(11) NOT NULL,
  `hidden` tinyint(1) NOT NULL,
  `worker_id` int(11) DEFAULT NULL,
  PRIMARY KEY (`id`),
  UNIQUE KEY `task_id` (`task_id`),
  KEY `djcelery_taskstate_state_53543be4` (`state`),
  KEY `djcelery_taskstate_name_8af9eded` (`name`),
  KEY `djcelery_taskstate_tstamp_4c3f93a1` (`tstamp`),
  KEY `djcelery_taskstate_hidden_c3905e57` (`hidden`),
  KEY `djcelery_taskstate_worker_id_f7f57a05_fk_djcelery_workerstate_id` (`worker_id`),
  CONSTRAINT `djcelery_taskstate_worker_id_f7f57a05_fk_djcelery_workerstate_id` FOREIGN KEY (`worker_id`) REFERENCES `djcelery_workerstate` (`id`)
) ENGINE=InnoDB DEFAULT CHARSET=utf8;
/*!40101 SET character_set_client = @saved_cs_client */;

--
-- Dumping data for table `djcelery_taskstate`
--

LOCK TABLES `djcelery_taskstate` WRITE;
/*!40000 ALTER TABLE `djcelery_taskstate` DISABLE KEYS */;
/*!40000 ALTER TABLE `djcelery_taskstate` ENABLE KEYS */;
UNLOCK TABLES;

--
-- Table structure for table `djcelery_workerstate`
--

DROP TABLE IF EXISTS `djcelery_workerstate`;
/*!40101 SET @saved_cs_client     = @@character_set_client */;
/*!40101 SET character_set_client = utf8 */;
CREATE TABLE `djcelery_workerstate` (
  `id` int(11) NOT NULL AUTO_INCREMENT,
  `hostname` varchar(255) NOT NULL,
  `last_heartbeat` datetime(6) DEFAULT NULL,
  PRIMARY KEY (`id`),
  UNIQUE KEY `hostname` (`hostname`),
  KEY `djcelery_workerstate_last_heartbeat_4539b544` (`last_heartbeat`)
) ENGINE=InnoDB DEFAULT CHARSET=utf8;
/*!40101 SET character_set_client = @saved_cs_client */;

--
-- Dumping data for table `djcelery_workerstate`
--

LOCK TABLES `djcelery_workerstate` WRITE;
/*!40000 ALTER TABLE `djcelery_workerstate` DISABLE KEYS */;
/*!40000 ALTER TABLE `djcelery_workerstate` ENABLE KEYS */;
UNLOCK TABLES;

--
-- Table structure for table `vei_broadcast`
--

DROP TABLE IF EXISTS `vei_broadcast`;
/*!40101 SET @saved_cs_client     = @@character_set_client */;
/*!40101 SET character_set_client = utf8 */;
CREATE TABLE `vei_broadcast` (
  `id` int(11) NOT NULL AUTO_INCREMENT,
  `cast_content` varchar(300) NOT NULL,
  `is_used` tinyint(1) NOT NULL,
  `add_time` datetime(6) NOT NULL,
  PRIMARY KEY (`id`)
) ENGINE=InnoDB AUTO_INCREMENT=2 DEFAULT CHARSET=utf8;
/*!40101 SET character_set_client = @saved_cs_client */;

--
-- Dumping data for table `vei_broadcast`
--

LOCK TABLES `vei_broadcast` WRITE;
/*!40000 ALTER TABLE `vei_broadcast` DISABLE KEYS */;
INSERT INTO `vei_broadcast` VALUES (1,'我们不生产资源，我们不存储资源，我们不是资源的搬运工，我们只是为搬运工提供了住所。',1,'2019-07-29 17:17:00.000000');
/*!40000 ALTER TABLE `vei_broadcast` ENABLE KEYS */;
UNLOCK TABLES;

--
-- Table structure for table `vei_comments`
--

DROP TABLE IF EXISTS `vei_comments`;
/*!40101 SET @saved_cs_client     = @@character_set_client */;
/*!40101 SET character_set_client = utf8 */;
CREATE TABLE `vei_comments` (
  `id` int(11) NOT NULL AUTO_INCREMENT,
  `content` longtext NOT NULL,
  `comments_name` varchar(20) NOT NULL,
  `comments_email` varchar(100) NOT NULL,
  `comments_img` varchar(100) NOT NULL,
  `add_time` datetime(6) NOT NULL,
  `spider_id` int(11) NOT NULL,
  PRIMARY KEY (`id`),
  KEY `vei_comments_spider_id_8eaf9b01_fk_vei_spider_id` (`spider_id`),
  CONSTRAINT `vei_comments_spider_id_8eaf9b01_fk_vei_spider_id` FOREIGN KEY (`spider_id`) REFERENCES `vei_spider` (`id`)
) ENGINE=InnoDB DEFAULT CHARSET=utf8;
/*!40101 SET character_set_client = @saved_cs_client */;

--
-- Dumping data for table `vei_comments`
--

LOCK TABLES `vei_comments` WRITE;
/*!40000 ALTER TABLE `vei_comments` DISABLE KEYS */;
/*!40000 ALTER TABLE `vei_comments` ENABLE KEYS */;
UNLOCK TABLES;

--
-- Table structure for table `vei_proxy`
--

DROP TABLE IF EXISTS `vei_proxy`;
/*!40101 SET @saved_cs_client     = @@character_set_client */;
/*!40101 SET character_set_client = utf8 */;
CREATE TABLE `vei_proxy` (
  `id` int(11) NOT NULL AUTO_INCREMENT,
  `proxy_ip` varchar(30) NOT NULL,
  `proxy_type1` varchar(10) NOT NULL,
  `proxy_type2` varchar(10) NOT NULL,
  `proxy_place` varchar(100) NOT NULL,
  `add_time` datetime(6) NOT NULL,
  PRIMARY KEY (`id`)
) ENGINE=InnoDB DEFAULT CHARSET=utf8;
/*!40101 SET character_set_client = @saved_cs_client */;

--
-- Dumping data for table `vei_proxy`
--

LOCK TABLES `vei_proxy` WRITE;
/*!40000 ALTER TABLE `vei_proxy` DISABLE KEYS */;
/*!40000 ALTER TABLE `vei_proxy` ENABLE KEYS */;
UNLOCK TABLES;

--
-- Table structure for table `vei_search`
--

DROP TABLE IF EXISTS `vei_search`;
/*!40101 SET @saved_cs_client     = @@character_set_client */;
/*!40101 SET character_set_client = utf8 */;
CREATE TABLE `vei_search` (
  `id` int(11) NOT NULL AUTO_INCREMENT,
  `user_ip` varchar(100) NOT NULL,
  `wd` varchar(100) NOT NULL,
  `add_time` datetime(6) NOT NULL,
  `search_type_id` int(11) NOT NULL,
  PRIMARY KEY (`id`),
  KEY `vei_search_search_type_id_9294c971_fk_vei_spider_type_id` (`search_type_id`),
  CONSTRAINT `vei_search_search_type_id_9294c971_fk_vei_spider_type_id` FOREIGN KEY (`search_type_id`) REFERENCES `vei_spider_type` (`id`)
) ENGINE=InnoDB DEFAULT CHARSET=utf8;
/*!40101 SET character_set_client = @saved_cs_client */;

--
-- Dumping data for table `vei_search`
--

LOCK TABLES `vei_search` WRITE;
/*!40000 ALTER TABLE `vei_search` DISABLE KEYS */;
/*!40000 ALTER TABLE `vei_search` ENABLE KEYS */;
UNLOCK TABLES;

--
-- Table structure for table `vei_shuffling`
--

DROP TABLE IF EXISTS `vei_shuffling`;
/*!40101 SET @saved_cs_client     = @@character_set_client */;
/*!40101 SET character_set_client = utf8 */;
CREATE TABLE `vei_shuffling` (
  `id` int(11) NOT NULL AUTO_INCREMENT,
  `img` varchar(100) NOT NULL,
  `is_used` tinyint(1) NOT NULL,
  `add_time` datetime(6) NOT NULL,
  PRIMARY KEY (`id`)
) ENGINE=InnoDB AUTO_INCREMENT=7 DEFAULT CHARSET=utf8;
/*!40101 SET character_set_client = @saved_cs_client */;

--
-- Dumping data for table `vei_shuffling`
--

LOCK TABLES `vei_shuffling` WRITE;
/*!40000 ALTER TABLE `vei_shuffling` DISABLE KEYS */;
INSERT INTO `vei_shuffling` VALUES (1,'shuffling_imgs/1.gif',1,'2019-07-29 17:29:00.000000'),(2,'shuffling_imgs/5.gif',1,'2019-07-29 17:29:00.000000'),(3,'shuffling_imgs/9.gif',1,'2019-07-29 17:29:00.000000'),(4,'shuffling_imgs/QQ图片20190525164110.jpg',1,'2019-07-29 17:29:00.000000'),(5,'shuffling_imgs/QQ图片20190525203227.jpg',1,'2019-07-29 17:29:00.000000'),(6,'shuffling_imgs/9_Cpz3pm3.gif',1,'2019-07-29 17:29:00.000000');
/*!40000 ALTER TABLE `vei_shuffling` ENABLE KEYS */;
UNLOCK TABLES;

--
-- Table structure for table `vei_spider`
--

DROP TABLE IF EXISTS `vei_spider`;
/*!40101 SET @saved_cs_client     = @@character_set_client */;
/*!40101 SET character_set_client = utf8 */;
CREATE TABLE `vei_spider` (
  `id` int(11) NOT NULL AUTO_INCREMENT,
  `name` varchar(30) NOT NULL,
  `content` varchar(100) NOT NULL,
  `function_introduce` varchar(300) NOT NULL,
  `author` varchar(30) NOT NULL,
  `website_address` varchar(100) NOT NULL,
  `website_name` varchar(100) NOT NULL,
  `website_img` varchar(100) DEFAULT NULL,
  `author_email` varchar(30) NOT NULL,
  `allowed_email` tinyint(1) NOT NULL,
  `view_num` int(11) NOT NULL,
  `like_num` int(11) NOT NULL,
  `comments_num` int(11) NOT NULL,
  `spider_status` varchar(30) NOT NULL,
  `error_num` int(11) NOT NULL,
  `add_time` datetime(6) NOT NULL,
  `spider_type_id` int(11) NOT NULL,
  PRIMARY KEY (`id`),
  KEY `vei_spider_spider_type_id_82025e0a_fk_vei_spider_type_id` (`spider_type_id`),
  CONSTRAINT `vei_spider_spider_type_id_82025e0a_fk_vei_spider_type_id` FOREIGN KEY (`spider_type_id`) REFERENCES `vei_spider_type` (`id`)
) ENGINE=InnoDB AUTO_INCREMENT=9 DEFAULT CHARSET=utf8;
/*!40101 SET character_set_client = @saved_cs_client */;

--
-- Dumping data for table `vei_spider`
--

LOCK TABLES `vei_spider` WRITE;
/*!40000 ALTER TABLE `vei_spider` DISABLE KEYS */;
INSERT INTO `vei_spider` VALUES (1,'Spider_50s.py','spider_files/Spider_50s.py','爬取50s电影网','菜菜鸡','www.50s.ocm','50s电影网','website_imgs/1.gif','12421214@qq.com',1,0,0,0,'stop',0,'2019-07-29 17:22:40.828469',1),(2,'Spider_60s.py','spider_files/Spider_60s.py','asdasdasd','小明','www.60s.com','60s电影网','website_imgs/5.gif','2317326817@qq.com',1,0,0,0,'stop',0,'2019-07-29 17:23:35.861617',1),(3,'Spider_70s.py','spider_files/Spider_70s.py','adasdasd','小蟒蛇','www.70s.la','70s电影','website_imgs/9.gif','12317326817@qq.com',0,0,0,0,'stop',0,'2019-07-29 17:25:15.095292',1),(4,'Spider_80s.py','spider_files/Spider_80s.py','阿萨达','小红','www.80s.la','80s电影网','website_imgs/80s.png','12317326817@qq.com',1,0,0,0,'stop',0,'2019-07-29 17:26:21.401085',1),(5,'Spider_pan1.py','spider_files/Spider_pan1.py','硕大的撒','球球','wbooks.weisapp.top','盘多多','website_imgs/9_9JNdoJh.gif','12317326817@qq.com',0,0,0,0,'stop',0,'2019-07-29 17:33:17.433881',2),(6,'Spider_pan2.py','spider_files/Spider_pan2.py','阿达萨达','兔兔','www.weisppa.top','百度网盘','website_imgs/QQ图片20190525164110.jpg','1638852930@qq.com',0,0,0,0,'stop',0,'2019-07-29 17:34:21.561549',2),(7,'Spider_music1.py','spider_files/Spider_music1.py','阿萨达','小蟒蛇','www.weisppa.top','qq音乐','website_imgs/QQ图片20190525203227.jpg','12317326817@qq.com',0,0,0,0,'stop',0,'2019-07-29 17:35:10.569352',3),(8,'Spider_music2.py','spider_files/Spider_music2.py','撒大声地','小弟弟','www.80s.la','网易云音乐','website_imgs/5_I8SVnhx.gif','weispapp@163.com',0,0,0,0,'stop',0,'2019-07-29 17:36:14.880030',3);
/*!40000 ALTER TABLE `vei_spider` ENABLE KEYS */;
UNLOCK TABLES;

--
-- Table structure for table `vei_spider_error`
--

DROP TABLE IF EXISTS `vei_spider_error`;
/*!40101 SET @saved_cs_client     = @@character_set_client */;
/*!40101 SET character_set_client = utf8 */;
CREATE TABLE `vei_spider_error` (
  `id` int(11) NOT NULL AUTO_INCREMENT,
  `error_content` varchar(500) NOT NULL,
  `add_time` datetime(6) NOT NULL,
  `spider_id` int(11) NOT NULL,
  PRIMARY KEY (`id`),
  KEY `vei_spider_error_spider_id_f5121c4c_fk_vei_spider_id` (`spider_id`),
  CONSTRAINT `vei_spider_error_spider_id_f5121c4c_fk_vei_spider_id` FOREIGN KEY (`spider_id`) REFERENCES `vei_spider` (`id`)
) ENGINE=InnoDB DEFAULT CHARSET=utf8;
/*!40101 SET character_set_client = @saved_cs_client */;

--
-- Dumping data for table `vei_spider_error`
--

LOCK TABLES `vei_spider_error` WRITE;
/*!40000 ALTER TABLE `vei_spider_error` DISABLE KEYS */;
/*!40000 ALTER TABLE `vei_spider_error` ENABLE KEYS */;
UNLOCK TABLES;

--
-- Table structure for table `vei_spider_type`
--

DROP TABLE IF EXISTS `vei_spider_type`;
/*!40101 SET @saved_cs_client     = @@character_set_client */;
/*!40101 SET character_set_client = utf8 */;
CREATE TABLE `vei_spider_type` (
  `id` int(11) NOT NULL AUTO_INCREMENT,
  `name` varchar(30) NOT NULL,
  `data_format` longtext NOT NULL,
  `add_time` datetime(6) NOT NULL,
  PRIMARY KEY (`id`)
) ENGINE=InnoDB AUTO_INCREMENT=5 DEFAULT CHARSET=utf8;
/*!40101 SET character_set_client = @saved_cs_client */;

--
-- Dumping data for table `vei_spider_type`
--

LOCK TABLES `vei_spider_type` WRITE;
/*!40000 ALTER TABLE `vei_spider_type` DISABLE KEYS */;
INSERT INTO `vei_spider_type` VALUES (1,'电影','\n        [\n	{\n		\"movie_name\":\"斗破苍穹\",    # 电影名\n		\"movie_size\":\"1.3G\",    # 文件大小\n		\"thunder_link\":\"thunder://QUFtYWduZXQ6P3h0PXVybjpidGloOjkyNTcyMDYzNjI4NUVCODBEMUFFMTc1OEM0NzMwQTI0MTIzQTlFOEFaWg==\",     # 迅雷链接\n		\"movie_online_view_address\":\"https://bili.meijuzuida.com/share/8a27c2ddc3d3fe74aa037f4b7d262e34\"    # 在线观看地址\n		\"source\":\"80s电影网\"       # 资源来源网站\n	},\n	# 注意，属性获取不到的必须填null；\n]\n        ','2019-07-29 17:17:02.279105'),(2,'百度网盘','\n        [\n	{\n		\"file_name\":\"复仇者联盟\",     # 文件名\n		\"file_size\":\"12M\",      # 文件大小\n		\"file_address\":\"https://pan.baidu.com/mbox/homepage?short=b20rKi\",      # 网盘地址\n		\"source\":\"盘多多\"      # 资源来源网站\n	},\n]\n        ','2019-07-29 17:17:02.280105'),(3,'音乐','\n        [\n	{\n		\"music_name\":\"胡萝卜须\",        #音乐名\n		\"music_size\":\"12M\",     # 文件大小\n		\"music_singer\":\"许嵩\",    #歌手\n		\"music_download_address\":\"www.music2536.cn/8123892302\"      # 下载地址\n		\"source\":\"qq音乐\"\n	},\n]\n        ','2019-07-29 17:17:02.280105'),(4,'磁力','\n        [\n	{\n		\"magnet_name\":\"千与千寻\",        #文件名\n		\"magnet_size\":\"1。5G\",     # 文件大小\n		\"magnet_link\":\"magnet:?xt=urn:btih:925720636285EB80D1AE1758C4730A24123A9E8A\",    # 磁力链接\n		\"thunder_link\":\"thunder://QUFtYWduZXQ6P3h0PXVybjpidGloOjkyNTcyMDYzNjI4NUVCODBEMUFFMTc1OEM0NzMwQTI0MTIzQTlFOEFaWg==\"     # 迅雷链接\n		\"source\":\"bt下载\"\n		\n	},\n]\n        ','2019-07-29 17:17:02.280105');
/*!40000 ALTER TABLE `vei_spider_type` ENABLE KEYS */;
UNLOCK TABLES;
/*!40103 SET TIME_ZONE=@OLD_TIME_ZONE */;

/*!40101 SET SQL_MODE=@OLD_SQL_MODE */;
/*!40014 SET FOREIGN_KEY_CHECKS=@OLD_FOREIGN_KEY_CHECKS */;
/*!40014 SET UNIQUE_CHECKS=@OLD_UNIQUE_CHECKS */;
/*!40101 SET CHARACTER_SET_CLIENT=@OLD_CHARACTER_SET_CLIENT */;
/*!40101 SET CHARACTER_SET_RESULTS=@OLD_CHARACTER_SET_RESULTS */;
/*!40101 SET COLLATION_CONNECTION=@OLD_COLLATION_CONNECTION */;
/*!40111 SET SQL_NOTES=@OLD_SQL_NOTES */;

-- Dump completed on 2019-07-29 17:44:36
